assetId,priority,ocrStatus,resolvedRelativePath,resolvedPath,extension,sourceBytes,sourceMtime,sourceSha1,cachedOcrMarkdownPath,ocrMarkdownPath,ocrGeneratedAt,ocrChars,ocrDurationSec,attemptCount,lastError,linkedMdCount,linkedMdPaths,articleUpdatedDates,maxArticleUpdatedDate,articleUrls,needsReocr,mineruTaskId,errorCategory
58e6978b817cec22,10,error,admin/rd/files/202511191352530014632A00_ATTCH2.jpg,/mnt/project/input/www/admin/rd/files/202511191352530014632A00_ATTCH2.jpg,.jpg,364778,2026-05-21T10:23:22,,,,,,0.11,1,Failed to submit parsing task: 400 Unsupported file type: unknown,1,研究發展處_content_南臺學校財團法人南臺科技大學辦理「2026創新數位設計暨中華_8115.md,2025/11/21 上午 05:52:26,2025/11/21 上午 05:52:26,https://www.yzu.edu.tw/admin/rd/index.php/tw/?option=com_content&view=article&id=8115,Y,,unsupported_file_type
6445225702abc34f,10,error,admin/rd/files/20251112091256A09000000E_1140118594_senddoc1_Attach2.jpg,/mnt/project/input/www/admin/rd/files/20251112091256A09000000E_1140118594_senddoc1_Attach2.jpg,.jpg,393657,2026-05-21T10:23:26,,,,,,1.91,1,Failed to submit parsing task: 400 Unsupported file type: unknown,1,研究發展處_content_教育部轉知原住民族委員會辦理「2025年國際原住民族女性意見_8078.md,2025/11/13 上午 07:30:56,2025/11/13 上午 07:30:56,https://www.yzu.edu.tw/admin/rd/index.php/tw/?option=com_content&view=article&id=8078,Y,,unsupported_file_type
b486a2498e8b6f6b,10,error,admin/rd/images/20171101155101活動課程014552.jpg,/mnt/project/input/www/admin/rd/images/20171101155101活動課程014552.jpg,.jpg,1000480,2026-05-21T10:31:12,,,,,,0.77,1,Failed to submit parsing task: 400 Unsupported file type: psd,1,研究發展處_content_義守大學「106年專利申請實務工作坊」_1343.md,2017/11/3 上午 06:53:13,2017/11/3 上午 06:53:13,- **文章簡介**: 主旨：敬邀參加「106年專利申請實務工作坊」培訓課程，請轉知貴屬踴躍報名參加，請查照。,Y,,unsupported_file_type
317425ccd53ede05,10,error,admin/rd/files/20250514162531201000000A_1141200614_doc1_Attach1.jpg,/mnt/project/input/www/admin/rd/files/20250514162531201000000A_1141200614_doc1_Attach1.jpg,.jpg,1034220,2026-05-21T10:24:02,,,,,,0.42,1,Failed to submit parsing task: 400 Unsupported file type: psd,1,研究發展處_content_中央研究院舉辦「中研講堂」新北場科普演講_7596.md,2025/5/15 上午 06:31:50,2025/5/15 上午 06:31:50,https://www.yzu.edu.tw/admin/rd/index.php/tw/?option=com_content&view=article&id=7596,Y,,unsupported_file_type
ccbbfde731ab7703,10,error,admin/is/images/IPR/zhi cai quan yan jiang 11202.png,/mnt/project/input/www/admin/is/images/IPR/zhi cai quan yan jiang 11202.png,.png,282217,2026-05-21T10:15:04,,,,,,1.81,1,Failed to submit parsing task: 400 Unsupported file type: html,2,圖書資訊服務處_content_【教育訓練】智財權宣導講座_智財權與高等教育兩三事 _593.md | 圖書資訊服務處_content_【教育訓練】智財權宣導講座_智財權與高等教育兩三事_589.md,2024/5/15 上午 07:15:47 | 2025/3/27 上午 01:52:16,2025/3/27 上午 01:52:16,https://www.yzu.edu.tw/admin/is/index.php/tw/ipr1130514 | https://www.yzu.edu.tw/admin/is/index.php/tw/ipr113053101,Y,,unsupported_file_type
385950d22b5295c6,10,error,admin/is/images/zhi cai quan yan jiang 11202.png,/mnt/project/input/www/admin/is/images/zhi cai quan yan jiang 11202.png,.png,282217,2026-05-21T10:14:50,,,,,,0.84,1,Failed to submit parsing task: 400 Unsupported file type: html,1,圖書資訊服務處_content_【智財權宣導講座】智財權與高等教育兩三事_592.md,2024/5/14 上午 07:33:16,2024/5/14 上午 07:33:16,https://www.yzu.edu.tw/admin/is/index.php/tw/113051401,Y,,unsupported_file_type
67d0123d10b466b4,10,error,admin/is/images/Informationsecurity/11309.png,/mnt/project/input/www/admin/is/images/Informationsecurity/11309.png,.png,448369,2026-05-21T10:15:06,,,,,,2.20,1,Failed to submit parsing task: 400 Unsupported file type: txt,1,圖書資訊服務處_content_【教育訓練】生活資安講座系列課程(9月) The serie_624.md,2025/3/27 上午 05:32:39,2025/3/27 上午 05:32:39,https://www.yzu.edu.tw/admin/is/index.php/tw/113082601,Y,,unsupported_file_type
6a72077ec1404d12,10,error,admin/is/images/Informationsecurity/11308.png,/mnt/project/input/www/admin/is/images/Informationsecurity/11308.png,.png,529001,2026-05-21T10:15:06,,,,,,1.90,1,Failed to submit parsing task: 400 Unsupported file type: unknown,1,圖書資訊服務處_content_【教育訓練】生活資安講座系列課程(8月) The serie_623.md,2025/3/27 上午 05:36:40,2025/3/27 上午 05:36:40,https://www.yzu.edu.tw/admin/is/index.php/tw/113080501,Y,,unsupported_file_type
cb2360e441a45327,10,error,admin/aa/images/0417教師增能工作坊海報_Revised.png,/mnt/project/input/www/admin/aa/images/0417教師增能工作坊海報_Revised.png,.png,854173,2026-05-21T09:43:18,,,,,,2.10,1,Failed to submit parsing task: 400 Unsupported file type: unknown,1,教務處_content_【轉知-管理學院活動公告】EMI相關工作坊_1630.md,2024/4/10 上午 03:54:05,2024/4/10 上午 03:54:05,https://www.yzu.edu.tw/admin/aa/index.php/tw/2024-04-10-1,Y,,unsupported_file_type
c833155a5e393b34,20,error,admin/rd/files/2022智慧生活創新創業競賽簡章.pdf,/mnt/project/input/www/admin/rd/files/2022智慧生活創新創業競賽簡章.pdf,.pdf,0,2026-05-21T10:26:52,,,,,,,1,Preflight unsupported file: empty,1,研究發展處_content_崑山科技大學 「2022智慧生活創新創業競賽」_4881.md,2022/9/19 上午 01:54:47,2022/9/19 上午 01:54:47,https://www.yzu.edu.tw/admin/rd/index.php/tw/?option=com_content&view=article&id=4881,Y,,empty_file
9f982660cb89e0a2,20,error,admin/st/files/Sanitary_HealthCare/102學年度健康促進計畫_放棄參加元智大學健康促進計畫權利聲明書.pdf,/mnt/project/input/www/admin/st/files/Sanitary_HealthCare/102學年度健康促進計畫_放棄參加元智大學健康促進計畫權利聲明書.pdf,.pdf,98304,2026-05-21T10:48:04,,,,,,,1,Preflight unsupported file: pdfium could not open PDF: Failed to load document (PDFium: Data format error).,2,學務處_content_103年健康促進計畫_861.md | 學務處_content_104年健康促進計畫_828.md,2016/11/3 上午 06:02:10 | 2017/6/16 上午 03:15:13,2017/6/16 上午 03:15:13,- **文章簡介**: 103年度上半年健康促進計畫 | - **文章簡介**: 104年度上半年健康促進計畫,Y,,corrupt_or_invalid_pdf
90b6cbe677652156,20,error,admin/so/files/meeting/108-1/114-8_性平紀錄_all_-_複製.pdf,/mnt/project/input/www/admin/so/files/meeting/108-1/114-8_性平紀錄_all_-_複製.pdf,.pdf,158162,2026-05-21T10:36:50,,,,,,,1,Preflight unsupported file: pdfium could not open PDF: Failed to load document (PDFium: Incorrect password error).,1,秘書室_content_108-1行政會議_442.md,2026/5/19 上午 11:15:05,2026/5/19 上午 11:15:05,https://www.yzu.edu.tw/admin/so/index.php/tw/?option=com_content&view=article&id=442,Y,,password_or_encrypted_pdf
25ad2f4b033af6af,20,error,admin/ga/files/GBN4OI4PMQVE-20260202093246.pdf,/mnt/project/input/www/admin/ga/files/GBN4OI4PMQVE-20260202093246.pdf,.pdf,290748,2026-05-21T09:54:34,,,,,,157.40,1,Failed to submit parsing task: 400 Unsupported file type: txt,1,總務處_content_綠色採購_74.md,2026/2/2 上午 02:09:43,2026/2/2 上午 02:09:43,https://www.yzu.edu.tw/admin/ga/index.php/tw/2016-03-17-10-59-25,Y,,unsupported_file_type
ff1a6b9ec7401cd4,20,error,admin/so/files/meeting/108-1/李生_0518申訴-3_-_複製.pdf,/mnt/project/input/www/admin/so/files/meeting/108-1/李生_0518申訴-3_-_複製.pdf,.pdf,440848,2026-05-21T10:36:50,,,,,,,1,Preflight unsupported file: pdfium could not open PDF: Failed to load document (PDFium: Incorrect password error).,1,秘書室_content_108-1行政會議_442.md,2026/5/19 上午 11:15:05,2026/5/19 上午 11:15:05,https://www.yzu.edu.tw/admin/so/index.php/tw/?option=com_content&view=article&id=442,Y,,password_or_encrypted_pdf
c1006200de0e40fb,40,error,admin/st/images/111衛保組_健促/20251008161349A09000000E_1140106636_senddoc1_Attach3.jpg,/mnt/project/input/www/admin/st/images/111衛保組_健促/20251008161349A09000000E_1140106636_senddoc1_Attach3.jpg,.jpg,1050888,2026-05-21T10:55:50,,,,,,,1,Preflight unsupported file: MinerU detected unsupported file type: unknown,1,學務處_content_【衛保組公告】轉知衛生福利部國民健康署辦理「創意拒菸‧等你出_6327.md,2025/10/9 上午 07:41:11,2025/10/9 上午 07:41:11,https://www.yzu.edu.tw/admin/st/index.php/tw/?option=com_content&view=article&id=6327,Y,,unsupported_file_type
a8ed89766c078129,40,error,admin/rd/files/202410251354450003197_2025_ATZG_海報.jpg,/mnt/project/input/www/admin/rd/files/202410251354450003197_2025_ATZG_海報.jpg,.jpg,1172946,2026-05-21T10:24:30,,,,,,,1,Preflight unsupported file: MinerU detected unsupported file type: unknown,1,研究發展處_content_國家太空中心「2025國際太空站(ISS)零重力實驗提案比賽_7023.md,2024/10/28 上午 03:28:08,2024/10/28 上午 03:28:08,https://www.yzu.edu.tw/admin/rd/index.php/tw/?option=com_content&view=article&id=7023,Y,,unsupported_file_type
a5957f2f106a8477,40,error,admin/rd/files/202410251354450003197_2025_ATZG_海報_1.jpg,/mnt/project/input/www/admin/rd/files/202410251354450003197_2025_ATZG_海報_1.jpg,.jpg,1172946,2026-05-21T10:24:30,,,,,,,1,Preflight unsupported file: MinerU detected unsupported file type: unknown,1,研究發展處_content_國家太空中心「2025國際太空站(ISS)零重力實驗提案比賽_7032.md,2024/10/30 上午 05:56:38,2024/10/30 上午 05:56:38,https://www.yzu.edu.tw/admin/rd/index.php/tw/?option=com_content&view=article&id=7032,Y,,unsupported_file_type
00c0f3f1fe49354f,40,error,admin/rd/files/最新消息/201811161541231070036147A-0.jpg,/mnt/project/input/www/admin/rd/files/最新消息/201811161541231070036147A-0.jpg,.jpg,1387609,2026-05-21T10:30:22,,,,,,,1,Preflight unsupported file: MinerU detected unsupported file type: psd,1,研究發展處_content_國立政治大學「107年第4次研究倫理工作坊」_2147.md,2018/11/19 上午 05:49:04,2018/11/19 上午 05:49:04,https://www.yzu.edu.tw/admin/rd/index.php/tw/?option=com_content&view=article&id=2147,Y,,unsupported_file_type
641f1d098c3a9cc7,40,error,admin/rd/files/最新消息/201909101546451080028290A-0.jpg,/mnt/project/input/www/admin/rd/files/最新消息/201909101546451080028290A-0.jpg,.jpg,1387609,2026-05-21T10:30:08,,,,,,,1,Preflight unsupported file: MinerU detected unsupported file type: psd,1,研究發展處_content_國立政治大學「108年第3次研究倫理工作坊」_2696.md,2019/9/11 上午 05:12:14,2019/9/11 上午 05:12:14,https://www.yzu.edu.tw/admin/rd/index.php/tw/?option=com_content&view=article&id=2696,Y,,unsupported_file_type
40cfdc8aca244bc8,40,error,library/images/main/news/1111/20220923-nature-shi.jpg,/mnt/project/input/www/library/images/main/news/1111/20220923-nature-shi.jpg,.jpg,1435456,2026-05-21T11:15:54,,,,,,,1,Preflight unsupported file: jpeg extension with non-jpeg content,1,圖書館_content_後疫情時代．講座_1542.md,2022/12/6 上午 01:58:40,2022/12/6 上午 01:58:40,https://www.yzu.edu.tw/library/index.php/tw/20220923-1,Y,,extension_content_mismatch
c7ba1169d74d6e8f,40,error,admin/rd/files/最新消息/201811091131501070095579-0-2.jpg,/mnt/project/input/www/admin/rd/files/最新消息/201811091131501070095579-0-2.jpg,.jpg,1579850,2026-05-21T10:30:22,,,,,,,1,Preflight unsupported file: MinerU detected unsupported file type: psd,1,研究發展處_content_國立臺灣大學「星空下的科技創意─地球到宇宙的觀察方法」_2131.md,2018/11/12 上午 05:39:16,2018/11/12 上午 05:39:16,https://www.yzu.edu.tw/admin/rd/index.php/tw/?option=com_content&view=article&id=2131,Y,,unsupported_file_type
6a9a0dd93f36c522,40,error,admin/rd/files/最新消息/20200116132355南華永續字第1090100081號_附件一.jpg,/mnt/project/input/www/admin/rd/files/最新消息/20200116132355南華永續字第1090100081號_附件一.jpg,.jpg,1752232,2026-05-21T10:29:54,,,,,,,1,Preflight unsupported file: MinerU detected unsupported file type: unknown,1,研究發展處_content_南華大學辦理「第四屆永續發展與綠色科技研討會」_2947.md,2020/1/17 上午 03:30:24,2020/1/17 上午 03:30:24,https://www.yzu.edu.tw/admin/rd/index.php/tw/?option=com_content&view=article&id=2947,Y,,unsupported_file_type
9c65cf899e056849,40,error,admin/st/images/extracurricular_activities_section/20170519150428農業好點子EDM.jpg,/mnt/project/input/www/admin/st/images/extracurricular_activities_section/20170519150428農業好點子EDM.jpg,.jpg,1811226,2026-05-21T10:57:30,,,,,,,1,Preflight unsupported file: MinerU detected unsupported file type: psd,1,學務處_content_[轉知] 2017農業好點子群眾集資競賽_1254.md,2017/8/31 上午 02:08:40,2017/8/31 上午 02:08:40,https://www.yzu.edu.tw/admin/st/index.php/tw/?option=com_content&view=article&id=1254,Y,,unsupported_file_type
cf3fa9cbefd3a12b,40,error,library/images/main/news/1102/20220504-SD.jpg,/mnt/project/input/www/library/images/main/news/1102/20220504-SD.jpg,.jpg,1826605,2026-05-21T11:15:48,,,,,,,1,Preflight unsupported file: jpeg extension with non-jpeg content,1,圖書館_content_ScienceDirect有獎徵答－食品化學_1450.md,2022/5/4 上午 08:24:30,2022/5/4 上午 08:24:30,https://www.yzu.edu.tw/library/index.php/tw/20220504-2,Y,,extension_content_mismatch
77b58325ab46c8dc,40,error,admin/rd/images/201707200850251060004708_Attach01.jpg,/mnt/project/input/www/admin/rd/images/201707200850251060004708_Attach01.jpg,.jpg,2751906,2026-05-21T10:31:14,,,,,,,1,Preflight unsupported file: MinerU detected unsupported file type: psd,1,研究發展處_content_桃園市政府青年事務局「桃園市中壢區國際文化交流青驛棧ROT促_1145.md,2017/7/24 上午 06:54:49,2017/7/24 上午 06:54:49,- **文章簡介**: 主旨：桃園市中壢區國際文化交流青驛棧ROT促參案，106年7月19日已正式公告於財政部民間參與公共建設資訊網，請轉知所屬（業者及餐旅科系），歡迎各界評估投資，請查照。,Y,,unsupported_file_type
cdb43049411dca20,40,error,admin/st/images/OSA/畢業典禮/2017年畢業典禮_畢業生_位置圖.jpg,/mnt/project/input/www/admin/st/images/OSA/畢業典禮/2017年畢業典禮_畢業生_位置圖.jpg,.jpg,2959611,2026-05-21T10:56:50,,,,,,,1,Preflight unsupported file: jpeg extension with non-jpeg content,1,學務處_content_105學年度(2017年)今畢輝煌畢業典禮_1170.md,2023/3/29 上午 02:55:27,2023/3/29 上午 02:55:27,https://www.yzu.edu.tw/admin/st/index.php/tw/?option=com_content&view=article&id=1170,Y,,extension_content_mismatch
847d065dde022183,40,error,library/images/main/news/1102/20220510-librarian.jpg,/mnt/project/input/www/library/images/main/news/1102/20220510-librarian.jpg,.jpg,3938664,2026-05-21T11:15:48,,,,,,,1,Preflight unsupported file: jpeg extension with non-jpeg content,1,圖書館_content_【轉知】《公共圖書館員》電影特映暨映後座談活動_1458.md,2022/5/10 上午 08:18:59,2022/5/10 上午 08:18:59,https://www.yzu.edu.tw/library/index.php/tw/20220510-1,Y,,extension_content_mismatch
bdb90249ac3a1046,40,error,admin/rd/files/20220816140823111AL00414_1_16114122029.jpg,/mnt/project/input/www/admin/rd/files/20220816140823111AL00414_1_16114122029.jpg,.jpg,5025099,2026-05-21T10:27:20,,,,,,,1,Preflight unsupported file: MinerU detected unsupported file type: psd,1,研究發展處_content_新竹縣政府教育局 「青春靚點子-學生創業挑戰賽」_4786.md,2022/8/22 上午 07:22:20,2022/8/22 上午 07:22:20,https://www.yzu.edu.tw/admin/rd/index.php/tw/?option=com_content&view=article&id=4786,Y,,unsupported_file_type
64ca15d10c825d42,40,error,admin/rd/files/20220817113841376735100E_1110231741_ATTACH1.jpg,/mnt/project/input/www/admin/rd/files/20220817113841376735100E_1110231741_ATTACH1.jpg,.jpg,5025099,2026-05-21T10:27:20,,,,,,,1,Preflight unsupported file: MinerU detected unsupported file type: psd,1,研究發展處_content_桃園市政府 「青春靚點子-學生創業挑戰賽」_4776.md,2022/8/18 上午 05:33:57,2022/8/18 上午 05:33:57,https://www.yzu.edu.tw/admin/rd/index.php/tw/?option=com_content&view=article&id=4776,Y,,unsupported_file_type
82e39153f6fb3caf,40,error,admin/ho/files/最新消息/桃園市教師會招收107年度會員收費帳號修正.pdf,/mnt/project/input/www/admin/ho/files/最新消息/桃園市教師會招收107年度會員收費帳號修正.pdf,.pdf,1465598,2026-05-21T10:11:26,,,,,,186.04,2,"Task 3823839c-25c3-417a-9dfc-10c9b6edd82c failed for batch#1001 (1 files): admin/ho/files/最新消息/桃園市教師會招收107年度會員收費帳號修正.pdf: {""task_id"": ""3823839c-25c3-417a-9dfc-10c9b6edd82c"", ""status"": ""failed"", ""backend"": ""pipeline"", ""file_names"": [""82e39153f6fb3caf_桃園市教師會招收107年度會員收費帳號修正""], ""created_at"": ""2026-06-14T17:31:16.002711+00:00"", ""started_at"": ""2026-06-14T17:31:16.003654+00:00"", ""completed_at"": ""2026-06-14T17:31:16.010152+00:00"", ""error"": ""Failed to load file 82e39153f6fb3caf_桃園市教師會招收107年度會員收費帳號修正.pdf: cannot identify image file <_io.BytesIO object at 0x7f854e413f60>"", ""status_url"": ""http://127.0.0.1:54593/tasks/3823839c-25c3-417a-9dfc-10c9b6edd82c"", ""result_url"": ""http://127.0.0.1:54593/tasks/3823839c-25c3-417a-9dfc-10c9b6edd82c/result"", ""queued_ahead"": 0}",1,人事室_content_桃園市教師會招收107年度會員，收費帳號修正_208.md,2017/9/7 上午 03:25:52,2017/9/7 上午 03:25:52,https://www.yzu.edu.tw/admin/ho/index.php/tw/?option=com_content&view=article&id=208,Y,3823839c-25c3-417a-9dfc-10c9b6edd82c,cannot_identify_image
5c0d1aa1a9efa90e,40,error,admin/st/images/7060cdbc-ce0b-44ca-8443-a7ab31dee7e5.png,/mnt/project/input/www/admin/st/images/7060cdbc-ce0b-44ca-8443-a7ab31dee7e5.png,.png,1681011,2026-05-21T10:54:46,,,,,,,1,Preflight unsupported file: image pixel count too large 9272x9123=84588456; limit=50000000,1,學務處_content_正確戴口罩4步驟(國語_英文_泰文)_1833.md,2020/6/12 上午 01:19:43,2020/6/12 上午 01:19:43,- **文章簡介**:,Y,,other
26acbf5113fc9e6d,40,error,library/images/main/sp/2018/sport-2.png,/mnt/project/input/www/library/images/main/sp/2018/sport-2.png,.png,2020315,2026-05-21T11:16:24,,,,,,,1,Preflight unsupported file: image pixel count too large 6661x9933=66163713; limit=50000000,2,圖書館_content_FB打卡「您拍照我送跑步機」_797.md | 圖書館_content_「三月，運動好時光」FB打卡「您拍照我送跑步機」_816.md,2018/3/15 上午 03:20:42 | 2018/3/28 上午 07:52:08,2018/3/28 上午 07:52:08,https://www.yzu.edu.tw/library/index.php/tw/20180315-2 | https://www.yzu.edu.tw/library/index.php/tw/fb-2,Y,,other
abce5827fb03cd12,40,error,admin/rd/files/2026032714282132580文稿1_9000683A00_ATTCH2.png,/mnt/project/input/www/admin/rd/files/2026032714282132580文稿1_9000683A00_ATTCH2.png,.png,2108408,2026-05-21T10:22:56,,,,,,,1,Preflight unsupported file: image pixel count too large 7016x9922=69612752; limit=50000000,1,研究發展處_content_慈濟學校財團法人慈濟大學與慈濟慈善事業基金會主辦之「2026_8478.md,2026/3/31 上午 03:20:43,2026/3/31 上午 03:20:43,https://www.yzu.edu.tw/admin/rd/index.php/tw/?option=com_content&view=article&id=8478,Y,,other
00aecf3c68466b40,40,error,library/images/main/sp/2018/sport-3.png,/mnt/project/input/www/library/images/main/sp/2018/sport-3.png,.png,2366523,2026-05-21T11:16:22,,,,,,,1,Preflight unsupported file: image pixel count too large 7016x9933=69689928; limit=50000000,2,圖書館_content_「三月，運動好時光」借書！電子飛鏢機等你來挑戰_817.md | 圖書館_content_借書！電子飛鏢機等你來挑戰_798.md,2018/3/15 上午 03:19:58 | 2018/3/6 上午 08:17:52,2018/3/6 上午 08:17:52,https://www.yzu.edu.tw/library/index.php/tw/2017-12-28-08-20-04 | https://www.yzu.edu.tw/library/index.php/tw/2018-03-15-03-15-27,Y,,other
e53c8c44e7833af9,40,error,admin/rd/images/poster_30.png,/mnt/project/input/www/admin/rd/images/poster_30.png,.png,2383265,2026-05-21T10:30:48,,,,,,,1,Preflight unsupported file: image pixel count too large 7016x9933=69689928; limit=50000000,2,研究發展處_content_【Academic Resource Sharing】Aca_8620.md | 研究發展處_content_【資源分享】臺灣學術倫理教育資源中心學倫宣導海報_《教師升等_8619.md,2026/5/11 上午 02:16:35 | 2026/5/11 上午 02:21:03,2026/5/11 上午 02:21:03,"- **文章簡介**: The Center for Taiwan Academic Research Ethics Education (AREE) has developed academic ethics promotional posters. We welcome everyone to reference and utilize them. If you need to cite these materials, please follow the AREE citation format guidelines. | - **文章簡介**: 臺灣學術倫理教育資源中心(AREE)編制學倫宣導海報，歡迎參考及利用!如需引用，請遵循AREE引用格式說明。",Y,,other
6b1007a5081bccad,40,error,admin/st/images/112dong nan ke da jing guane chuang you hai bao.png,/mnt/project/input/www/admin/st/images/112dong nan ke da jing guane chuang you hai bao.png,.png,2486955,2026-05-21T10:53:44,,,,,,,1,Preflight unsupported file: image pixel count too large 7016x9934=69696944; limit=50000000,1,學務處_content_【課外組公告】轉知東南科技大學辦理2023「景觀e創遊」明信_4172.md,2023/10/4 上午 07:43:42,2023/10/4 上午 07:43:42,- **文章簡介**: 一、競賽主題(一)：2023「景觀e創遊」明信片設計競賽、類別：觀光旅遊景點，即日起至112年10月27日(五)止，設計理念須涵蓋地方生態、城市可持續性、數位e世代的旅遊、文史特色，以及聯合國SDGs 17項永續發展意涵，請參閱活動頁面：(https://dmd.tnu.edu.tw/zh_tw/page5/2023design)。,Y,,other
b36aed9074f3f2eb,40,error,admin/st/images/freecompress-2024.png,/mnt/project/input/www/admin/st/images/freecompress-2024.png,.png,2501255,2026-05-21T10:53:20,,,,,,,1,Preflight unsupported file: image pixel count too large 9934x14044=139513096; limit=50000000,1,學務處_content_【課外組公告】哈佛大學 Radcliffe Pitches _4754.md,2024/5/7 上午 05:31:39,2024/5/7 上午 05:31:39,- **文章簡介**: 活動時間：113年5月31日（星期五）13:30-15:00,Y,,other
1ddea7570838549b,40,error,admin/rd/files/20240920135741113CO00293_1_19164845132.png,/mnt/project/input/www/admin/rd/files/20240920135741113CO00293_1_19164845132.png,.png,2726567,2026-05-21T10:24:50,,,,,,,1,Preflight unsupported file: image pixel count too large 7087x10004=70898348; limit=50000000,1,研究發展處_content_國立中山大學辦理「打造永續產業鏈拓展社會影響力」活動_6883.md,2024/9/23 上午 06:24:46,2024/9/23 上午 06:24:46,https://www.yzu.edu.tw/admin/rd/index.php/tw/?option=com_content&view=article&id=6883,Y,,other
7eb6ad9b7bdd5757,40,error,admin/rd/files/20240920135741113CO00293_1_19164845132_1.png,/mnt/project/input/www/admin/rd/files/20240920135741113CO00293_1_19164845132_1.png,.png,2726567,2026-05-21T10:24:48,,,,,,,1,Preflight unsupported file: image pixel count too large 7087x10004=70898348; limit=50000000,1,研究發展處_content_國立中山大學承接國家發展委員會「112年度地方創生南區輔導中_6896.md,2024/9/25 上午 07:23:16,2024/9/25 上午 07:23:16,https://www.yzu.edu.tw/admin/rd/index.php/tw/?option=com_content&view=article&id=6896,Y,,other
c9917f167da88e3e,40,error,admin/st/images/USR辦公室/青年創新創業工作坊/1022A1海報.png,/mnt/project/input/www/admin/st/images/USR辦公室/青年創新創業工作坊/1022A1海報.png,.png,2874315,2026-05-21T10:57:04,,,,,,,1,Preflight unsupported file: image pixel count too large 8417x11880=99993960; limit=50000000,1,學務處_content_【USR辦公室公告】青年創新創業工作坊-10_22(六)創新_2992.md,2022/11/2 上午 06:21:54,2022/11/2 上午 06:21:54,https://www.yzu.edu.tw/admin/st/index.php/tw/?option=com_content&view=article&id=2992,Y,,other
c74cd5f1f801fde4,40,error,admin/rd/files/DIGI_Talent海外實習海報.png,/mnt/project/input/www/admin/rd/files/DIGI_Talent海外實習海報.png,.png,2914549,2026-05-21T10:26:40,,,,,,,1,Preflight unsupported file: image pixel count too large 7017x9923=69629691; limit=50000000,1,研究發展處_content_「DIGI+ Talent跨域數位人才加速躍升計畫」之「臺灣_5429.md,2023/4/18 上午 08:17:32,2023/4/18 上午 08:17:32,https://www.yzu.edu.tw/admin/rd/index.php/tw/?option=com_content&view=article&id=5429,Y,,other
ec4c69480887ba1a,40,error,admin/rd/images/poster_31.png,/mnt/project/input/www/admin/rd/images/poster_31.png,.png,2964667,2026-05-21T10:30:48,,,,,,,1,Preflight unsupported file: image pixel count too large 9933x7016=69689928; limit=50000000,2,研究發展處_content_【Academic Resource Sharing】Aca_8620.md | 研究發展處_content_【資源分享】臺灣學術倫理教育資源中心學倫宣導海報_《教師升等_8619.md,2026/5/11 上午 02:16:35 | 2026/5/11 上午 02:21:03,2026/5/11 上午 02:21:03,"- **文章簡介**: The Center for Taiwan Academic Research Ethics Education (AREE) has developed academic ethics promotional posters. We welcome everyone to reference and utilize them. If you need to cite these materials, please follow the AREE citation format guidelines. | - **文章簡介**: 臺灣學術倫理教育資源中心(AREE)編制學倫宣導海報，歡迎參考及利用!如需引用，請遵循AREE引用格式說明。",Y,,other
22fc6cb64c2be47e,40,error,library/images/main/sp/2018/sport-4.png,/mnt/project/input/www/library/images/main/sp/2018/sport-4.png,.png,3203227,2026-05-21T11:16:24,,,,,,,1,Preflight unsupported file: image pixel count too large 6661x9933=66163713; limit=50000000,2,圖書館_content_「三月，運動好時光」撕榜答題快手抽Nike球鞋_818.md | 圖書館_content_撕榜答題快手抽Nike球鞋_799.md,2018/3/15 上午 03:19:22 | 2018/5/14 上午 03:51:56,2018/5/14 上午 03:51:56,https://www.yzu.edu.tw/library/index.php/tw/20180315-1 | https://www.yzu.edu.tw/library/index.php/tw/nike,Y,,other
1d62bec497393e85,40,error,admin/rd/files/創創中心公文附件/20230117/1120117海報.png,/mnt/project/input/www/admin/rd/files/創創中心公文附件/20230117/1120117海報.png,.png,3792167,2026-05-21T10:28:18,,,,,,,1,Preflight unsupported file: image pixel count too large 7017x9934=69706878; limit=50000000,1,研究發展處_content_中原大學112年度「100K創新創業競賽」_5199.md,2023/1/17 上午 06:15:58,2023/1/17 上午 06:15:58,https://www.yzu.edu.tw/admin/rd/index.php/tw/?option=com_content&view=article&id=5199,Y,,other
152303ba772f66a1,40,error,library/images/main/news/2018thesis.png,/mnt/project/input/www/library/images/main/news/2018thesis.png,.png,4583478,2026-05-21T11:15:30,,,,,,,1,Preflight unsupported file: image pixel count too large 6661x9933=66163713; limit=50000000,1,圖書館_content_1062圖書館推廣活動_795.md,2018/8/22 上午 03:14:02,2018/8/22 上午 03:14:02,https://www.yzu.edu.tw/library/index.php/tw/20171228-3,Y,,other
4639c0f7734a15f1,90,error,admin/st/images/諮就組/0504楊崑山_大檔.jpeg,/mnt/project/input/www/admin/st/images/諮就組/0504楊崑山_大檔.jpeg,.jpeg,6369200,2026-05-21T10:59:22,,,,,,,1,Preflight unsupported file: image pixel count too large 7016x9933=69689928; limit=50000000,1,學務處_content_【諮就組公告】GMAT-《國際就業故事館》5_4 12_10_2343.md,2022/4/18 上午 02:06:35,2022/4/18 上午 02:06:35,- **文章簡介**: GMAT Program－Story House 《國際就業故事館》,Y,,other
1d7085f7440e5f58,90,error,alumni/images/alumni_newsletter/yzu_alumni_newsletter_vol.41_en_cover.jpg,/mnt/project/input/www/alumni/images/alumni_newsletter/yzu_alumni_newsletter_vol.41_en_cover.jpg,.jpg,5289153,2026-05-21T11:06:56,,,,,,,1,Preflight unsupported file: image pixel count too large 8630x6102=52660260; limit=50000000,2,校友資訊_content_YZU Alumni Newsletter vol. 41_1199.md | 校友資訊_content_YZU Alumni Newsletter vol. 41_1200.md,2025/6/17 上午 02:07:28 | 2025/6/17 上午 02:15:43,2025/6/17 上午 02:15:43,https://www.yzu.edu.tw/alumni/index.php/tw/20250617 | https://www.yzu.edu.tw/alumni/index.php/tw/20250617-2,Y,,other
e8aef6c1c65c5590,90,error,admin/st/images/課外組/課外組公告/四合一羅馬旗左.jpg,/mnt/project/input/www/admin/st/images/課外組/課外組公告/四合一羅馬旗左.jpg,.jpg,5359417,2026-05-21T10:58:52,,,,,,,1,Preflight unsupported file: image pixel count too large 7087x17717=125560379; limit=50000000,1,學務處_content_【課外組公告】2022元智大學四合一普選－選舉公報(投票時間_2341.md,2022/4/21 上午 03:14:34,2022/4/21 上午 03:14:34,https://www.yzu.edu.tw/admin/st/index.php/tw/?option=com_content&view=article&id=2341,Y,,other
e618c751d8c35df5,90,error,admin/st/images/課外組/課外組公告/四合一羅馬旗右.jpg,/mnt/project/input/www/admin/st/images/課外組/課外組公告/四合一羅馬旗右.jpg,.jpg,5671090,2026-05-21T10:58:52,,,,,,,1,Preflight unsupported file: image pixel count too large 7087x17717=125560379; limit=50000000,1,學務處_content_【課外組公告】2022元智大學四合一普選－選舉公報(投票時間_2341.md,2022/4/21 上午 03:14:34,2022/4/21 上午 03:14:34,https://www.yzu.edu.tw/admin/st/index.php/tw/?option=com_content&view=article&id=2341,Y,,other
6ddcf1f172e6de0c,90,error,admin/st/images/課外組/2021_第一屆_元智大學YOUTH大使招募海報.jpg,/mnt/project/input/www/admin/st/images/課外組/2021_第一屆_元智大學YOUTH大使招募海報.jpg,.jpg,6187461,2026-05-21T10:58:44,,,,,,,1,Preflight unsupported file: image pixel count too large 8404x11899=99999196; limit=50000000,1,學務處_content_【招募訊息】第一屆元智大學Youth大使熱烈招募中!!!!_2221.md,2021/11/4 上午 06:57:19,2021/11/4 上午 06:57:19,https://www.yzu.edu.tw/admin/st/index.php/tw/?option=com_content&view=article&id=2221,Y,,other
03f58e85ccc5005a,90,error,admin/st/images/202001061933051090060001_Attach2_1.jpg,/mnt/project/input/www/admin/st/images/202001061933051090060001_Attach2_1.jpg,.jpg,6338696,2026-05-21T10:54:54,,,,,,,1,Preflight unsupported file: image pixel count too large 7115x10029=71356335; limit=50000000,1,"學務處_content_訊息轉知_ 董氏基金會辦理學校午餐吃光光影片募集,歡迎踴躍參_1782.md",2020/1/9 上午 02:42:18,2020/1/9 上午 02:42:18,"- **文章簡介**: 學校午餐吃光光影片募集,詳情請參閱以下網址",Y,,other
ffa3de8e6b9db5ae,90,error,admin/rd/images/a107004870-1.jpg,/mnt/project/input/www/admin/rd/images/a107004870-1.jpg,.jpg,6615811,2026-05-21T10:31:10,,,,,,,1,Preflight unsupported file: image pixel count too large 7016x9933=69689928; limit=50000000,1,研究發展處_content_國立清華大學「施慎謙講座-《跟上光的腳步》」_1864.md,2018/8/2 上午 05:42:36,2018/8/2 上午 05:42:36,- **文章簡介**: 一、本校物理學系成立「施慎謙講座」，廣邀國外知名專家學者訪台交流、 學術演講。,Y,,other
cb707c92732800b4,90,error,admin/st/images/高教公共性/結合學習歷程強化就業輔導/職涯輔導修改-01_002.jpg,/mnt/project/input/www/admin/st/images/高教公共性/結合學習歷程強化就業輔導/職涯輔導修改-01_002.jpg,.jpg,6627299,2026-05-21T10:59:34,,,,,,,1,Preflight unsupported file: image pixel count too large 7087x10004=70898348; limit=50000000,1,學務處_content_結合學習歷程強化就業輔導_1435.md,2022/11/2 上午 07:21:55,2022/11/2 上午 07:21:55,- **文章簡介**: 結合學習歷程強化就業輔導,Y,,other
87d8d2b4425b5768,90,error,admin/st/images/課外組/110元智大學活動服務才藝獎章獲獎公告1.JPG,/mnt/project/input/www/admin/st/images/課外組/110元智大學活動服務才藝獎章獲獎公告1.JPG,.jpg,6802968,2026-05-21T10:58:44,,,,,,,1,Preflight unsupported file: image pixel count too large 8404x11899=99999196; limit=50000000,1,學務處_content_【課外活動組】1101元智大學「活動、服務、才藝」獎獲獎公告_2240.md,2022/1/5 上午 08:32:07,2022/1/5 上午 08:32:07,- **文章簡介**: 領取獎項相關說明如下：,Y,,other
837f2bb0b270634b,90,error,admin/rd/files/最新消息/20180625214723A095R0000Q107050132300O-1.jpg,/mnt/project/input/www/admin/rd/files/最新消息/20180625214723A095R0000Q107050132300O-1.jpg,.jpg,6825767,2026-05-21T10:30:28,,,,,,,1,Preflight unsupported file: image pixel count too large 7016x9933=69689928; limit=50000000,1,研究發展處_content_國立雲林科技大學 「2018全國循環經濟創意競賽」_1802.md,2018/6/27 上午 06:09:48,2018/6/27 上午 06:09:48,https://www.yzu.edu.tw/admin/rd/index.php/tw/?option=com_content&view=article&id=1802,Y,,other
2494bfbaa109929c,90,error,admin/rd/files/最新消息/202008150921322020醫事科技法學講座海報.jpg,/mnt/project/input/www/admin/rd/files/最新消息/202008150921322020醫事科技法學講座海報.jpg,.jpg,7001846,2026-05-21T10:29:38,,,,,,,1,Preflight unsupported file: image pixel count too large 6850x8032=55019200; limit=50000000,1,研究發展處_content_中國醫藥大學「2020醫事‧科技‧法學跨領域實務講座」_3300.md,2020/8/17 上午 06:06:51,2020/8/17 上午 06:06:51,https://www.yzu.edu.tw/admin/rd/index.php/tw/?option=com_content&view=article&id=3300,Y,,other
ad1880d747913056,90,error,admin/st/images/111宿服組/床位公告/DORM1131211-E.jpg,/mnt/project/input/www/admin/st/images/111宿服組/床位公告/DORM1131211-E.jpg,.jpg,7033199,2026-05-21T10:55:40,,,,,,,1,Preflight unsupported file: image pixel count too large 8192x7813=64004096; limit=50000000,1,學務處_content_【Student Housing Service Secti_5690.md,2024/12/11 上午 06:57:38,2024/12/11 上午 06:57:38,- **文章簡介**:,Y,,other
29a971da62837cfa,90,error,admin/st/images/111衛保組_健促/jia re yan wei hai xuan dao hai bao mi yin yan shang kuan.jpg,/mnt/project/input/www/admin/st/images/111衛保組_健促/jia re yan wei hai xuan dao hai bao mi yin yan shang kuan.jpg,.jpg,7060869,2026-05-21T10:55:50,,,,,,,1,Preflight unsupported file: image pixel count too large 7016x9933=69689928; limit=50000000,1,學務處_content_【衛保組公告】守護健康不打折 電子煙有害 不好奇、不嘗試、不_6312.md,2025/10/2 上午 09:48:23,2025/10/2 上午 09:48:23,- **文章簡介**: 菸害防制法於112年3月22日修正施行，依第15條規定，全面禁止電子煙等類菸品，並嚴格管制符合菸品定義之新型態菸草產品（包含加熱菸），同時禁止吸菸年齡提高至未滿20歲。所有菸草產品皆有害，不論是使用紙菸或加熱菸，都會產生相似的有毒化學物質。,Y,,other
4a96983a8bde42f0,90,error,admin/rd/files/最新消息/20200922114955學術研討會海報02-01004667.jpg,/mnt/project/input/www/admin/rd/files/最新消息/20200922114955學術研討會海報02-01004667.jpg,.jpg,7135567,2026-05-21T10:29:32,,,,,,,1,Preflight unsupported file: image pixel count too large 7075x9980=70608500; limit=50000000,1,研究發展處_content_「2020年第六屆全國原住民族教育及文化發展學 術研討會」_3393.md,2020/9/23 上午 03:21:19,2020/9/23 上午 03:21:19,https://www.yzu.edu.tw/admin/rd/index.php/tw/?option=com_content&view=article&id=3393,Y,,other
163b03297287afc2,90,error,library/images/main/news/1111/20230117-Book.jpg,/mnt/project/input/www/library/images/main/news/1111/20230117-Book.jpg,.jpg,7241186,2026-05-21T11:15:50,,,,,,,1,Preflight unsupported file: image pixel count too large 7039x9957=70087323; limit=50000000,1,圖書館_content_【轉知】2023第31屆台北國際書展桃園新總館串聯活動_1627.md,2023/1/17 上午 01:41:53,2023/1/17 上午 01:41:53,https://www.yzu.edu.tw/library/index.php/tw/20230117-1,Y,,other
4e7c1764dcc3ef57,90,error,admin/st/images/counseling_counseling/心把戲/106學年/心把戲1.jpg,/mnt/project/input/www/admin/st/images/counseling_counseling/心把戲/106學年/心把戲1.jpg,.jpg,7257174,2026-05-21T10:57:14,,,,,,,1,Preflight unsupported file: image pixel count too large 7063x9980=70488740; limit=50000000,1,學務處_content_當愛觸了礁~親密關係出問題該怎麼辦？_1347.md,2018/3/14 上午 02:24:19,2018/3/14 上午 02:24:19,https://www.yzu.edu.tw/admin/st/index.php/tw/?option=com_content&view=article&id=1347,Y,,other
64ecd0d9dea32b5d,90,error,admin/st/images/sheng dan jie shi ji hai bao_gong zuo qu yu 1 1.jpg,/mnt/project/input/www/admin/st/images/sheng dan jie shi ji hai bao_gong zuo qu yu 1 1.jpg,.jpg,7304767,2026-05-21T10:53:34,,,,,,,1,Preflight unsupported file: image pixel count too large 9900x13978=138382200; limit=50000000,1,學務處_content_【課外組公告】12_13-16日愛在聖誕公益市集~歡迎全校師_4373.md,2024/1/8 上午 07:30:25,2024/1/8 上午 07:30:25,- **文章簡介**: 活動時間:112/12/13-12/15  12:00-19:00 12/16 11:30-13:30,Y,,other
1bce65354fb21e11,90,error,admin/st/images/2023tai bei qing lu xing you ji zheng jian jing sai hai bao.jpg,/mnt/project/input/www/admin/st/images/2023tai bei qing lu xing you ji zheng jian jing sai hai bao.jpg,.jpg,7420948,2026-05-21T10:53:46,,,,,,,1,Preflight unsupported file: image pixel count too large 7100x9935=70538500; limit=50000000,1,學務處_content_【課外組公告】轉知臺北市青少年發展暨家庭教育中心「2023台_4066.md,2023/9/13 上午 03:18:04,2023/9/13 上午 03:18:04,- **文章簡介**: 本中心為使青年朋友覺察生活、重視在地文化，鼓勵其親身走讀增益對自我的認識及探索，並發揮創意結合影音創作符應網路世代影像互動與自我展現，特辦理旨揭活動。,Y,,other
cc999b8a082684c4,90,error,admin/rd/files/海報a1_永續小.jpg,/mnt/project/input/www/admin/rd/files/海報a1_永續小.jpg,.jpg,7516155,2026-05-21T10:25:28,,,,,,,1,"Preflight unsupported file: image metadata could not be read: Image size (279110512 pixels) exceeds limit of 178956970 pixels, could be decompression bomb DOS attack.",1,研究發展處_content_國立陽明交通大學與工業技術研究院共同舉辦2024唐獎「永續發_6856.md,2024/9/18 上午 03:03:24,2024/9/18 上午 03:03:24,https://www.yzu.edu.tw/admin/rd/index.php/tw/?option=com_content&view=article&id=6856,Y,,other
d6208fe91f4cb784,90,error,admin/st/images/課外組/110元智大學活動服務才藝獎章獲獎公告2.JPG,/mnt/project/input/www/admin/st/images/課外組/110元智大學活動服務才藝獎章獲獎公告2.JPG,.jpg,7945686,2026-05-21T10:58:44,,,,,,,1,Preflight unsupported file: image pixel count too large 8404x11899=99999196; limit=50000000,1,學務處_content_【課外活動組】1101元智大學「活動、服務、才藝」獎獲獎公告_2240.md,2022/1/5 上午 08:32:07,2022/1/5 上午 08:32:07,- **文章簡介**: 領取獎項相關說明如下：,Y,,other
200b9694b26afbec,90,error,library/images/main/sp/2018/Bookexhibition.jpg,/mnt/project/input/www/library/images/main/sp/2018/Bookexhibition.jpg,.jpg,8433148,2026-05-21T11:16:28,,,,,,,1,Preflight unsupported file: image pixel count too large 7158x10205=73047390; limit=50000000,1,圖書館_content_1071圖書館推廣活動_875.md,2019/12/30 上午 06:21:24,2019/12/30 上午 06:21:24,https://www.yzu.edu.tw/library/index.php/tw/20180821,Y,,other
941e30544790146c,90,error,library/images/main/sp/2018/Halloween-11.jpg,/mnt/project/input/www/library/images/main/sp/2018/Halloween-11.jpg,.jpg,9688038,2026-05-21T11:16:26,,,,,,,1,Preflight unsupported file: image pixel count too large 9933x14043=139489119; limit=50000000,1,圖書館_content_圖書館陪您過萬聖節_910.md,2018/10/16 上午 08:45:25,2018/10/16 上午 08:45:25,https://www.yzu.edu.tw/library/index.php/tw/20181016-2,Y,,other
21721dfca4b33a4a,90,error,admin/aa/files/Registration/studentcard/學生證海報徵稿設計.jpg,/mnt/project/input/www/admin/aa/files/Registration/studentcard/學生證海報徵稿設計.jpg,.jpg,15633477,2026-05-21T09:39:00,,,,,,,1,Preflight unsupported file: image pixel count too large 7200x10800=77760000; limit=50000000,1,教務處_content_元智大學新版學生證設計比賽_851.md,2020/9/7 上午 08:50:25,2020/9/7 上午 08:50:25,https://www.yzu.edu.tw/admin/aa/index.php/tw/2019-12-19,Y,,other
a4fa0eafc59b7db6,90,error,library/images/main/2016/poster_y1.jpg,/mnt/project/input/www/library/images/main/2016/poster_y1.jpg,.jpg,21199372,2026-05-21T11:15:00,,,,,,,1,Preflight unsupported file: image pixel count too large 7016x9933=69689928; limit=50000000,1,圖書館_content_【函轉】國家圖書館辦理「2016臺灣閱讀節」系列活動，歡迎參_499.md,2016/11/3 上午 07:19:15,2016/11/3 上午 07:19:15,https://www.yzu.edu.tw/library/index.php/tw/20161103,Y,,other
aaf5f49314a164de,90,error,library/images/main/sp/2018/sport-1.png,/mnt/project/input/www/library/images/main/sp/2018/sport-1.png,.png,6830085,2026-05-21T11:16:24,,,,,,,1,Preflight unsupported file: image pixel count too large 6661x9933=66163713; limit=50000000,3,圖書館_content_1062「三月，運動好時光」_796.md | 圖書館_content_1062圖書館推廣活動_795.md | 圖書館_content_三月運動好時光，圖書館邀您一起來動一動_815.md,2018/3/8 上午 06:32:43 | 2018/4/20 上午 08:28:12 | 2018/8/22 上午 03:14:02,2018/8/22 上午 03:14:02,https://www.yzu.edu.tw/library/index.php/tw/1062 | https://www.yzu.edu.tw/library/index.php/tw/20171228-3 | https://www.yzu.edu.tw/library/index.php/tw/20180308-1,Y,,other
