assetId,ocrStatus,actualOcrChars,statusOcrChars,sourceBytes,extension,resolvedRelativePath,ocrMarkdownPath,linkedMdCount_status,linkedMdCount_manifest,linkedMdPaths,relationSamples
a91d19fab3fe1250,completed,39856776,39856776,8473456,.xlsx,admin/so/files/IR/教育訓練/1080731Tableau官方數據檔.xlsx,/mnt/project/output/ocr_run/ocr_md_assets/a91d19fab3fe1250_1080731Tableau官方數據檔.md,1,1,秘書室_content_1080731「Tableau軟體介紹與應用」教育訓練課程_445.md,秘書室_content_1080731「Tableau軟體介紹與應用」教育訓練課程_445.md#OCR3 files/IR/教育訓練/1080731Tableau官方數據檔.xlsx | 秘書室_content_1080731「Tableau軟體介紹與應用」教育訓練課程_445.md#OCR4 files/IR/教育訓練/1080731Tableau官方數據檔.xlsx
c34b45e0c74df4ab,completed,4050673,4050673,2365390,.xlsx,admin/rd/files/研發年報/113/savedrecs-2024-702筆.xlsx,/mnt/project/output/ocr_run/ocr_md_assets/c34b45e0c74df4ab_savedrecs-2024-702筆.md,1,1,研究發展處_content_論文發表_616.md,研究發展處_content_論文發表_616.md#OCR23 files/研發年報/113/savedrecs-2024-702筆.xlsx
ecaf0b7fd68e32a0,completed,3750316,3750316,2108623,.xlsx,admin/rd/files/研發年報/112/savedrecs-2023-649筆.xlsx,/mnt/project/output/ocr_run/ocr_md_assets/ecaf0b7fd68e32a0_savedrecs-2023-649筆.md,1,1,研究發展處_content_論文發表_616.md,研究發展處_content_論文發表_616.md#OCR22 files/研發年報/112/savedrecs-2023-649筆.xlsx
4e0b9626a4d6262a,completed,3268275,3268275,1180694,.xlsx,library/files/EB_lists/Hyread.xlsx,/mnt/project/output/ocr_run/ocr_md_assets/4e0b9626a4d6262a_Hyread.md,1,1,圖書館_content_【新增資料庫 】中國博碩士論文全文數據庫、台灣全文資料庫及中_58.md,圖書館_content_【新增資料庫 】中國博碩士論文全文數據庫、台灣全文資料庫及中_58.md#OCR4 http://www.yzu.edu.tw/library/files/EB_lists/Hyread.xlsx
0f0a872def12c127,completed_cached,2978503,0,920916,.xlsx,admin/rd/files/savedrecs-2022-ALL-534筆.xlsx,/mnt/project/cache/ocr_completed_cache/ocr_md_assets/0f0a872def12c127_savedrecs-2022-ALL-534筆.md,1,1,研究發展處_content_論文發表_616.md,研究發展處_content_論文發表_616.md#OCR21 files/savedrecs-2022-ALL-534筆.xlsx
f8285823f307cf42,completed_cached,2332586,0,730899,.xlsx,admin/rd/files/savedrecs_-2021-ALL-20231121-435筆.xlsx,/mnt/project/cache/ocr_completed_cache/ocr_md_assets/f8285823f307cf42_savedrecs_-2021-ALL-20231121-435筆.md,1,1,研究發展處_content_論文發表_616.md,研究發展處_content_論文發表_616.md#OCR20 files/savedrecs_-2021-ALL-20231121-435筆.xlsx
3894d80d22793de1,completed_cached,1956188,0,615157,.xlsx,admin/rd/files/savedrecs_-2020-ALL-20231121-381筆.xlsx,/mnt/project/cache/ocr_completed_cache/ocr_md_assets/3894d80d22793de1_savedrecs_-2020-ALL-20231121-381筆.md,1,1,研究發展處_content_論文發表_616.md,研究發展處_content_論文發表_616.md#OCR19 files/savedrecs_-2020-ALL-20231121-381筆.xlsx
949117d90d4b0db3,completed_cached,1940870,0,408792,.xlsx,admin/aa/files/Curriculum/board/1052-補課教室1060603公告版.xlsx,/mnt/project/cache/ocr_completed_cache/ocr_md_assets/949117d90d4b0db3_1052-補課教室1060603公告版.md,1,1,教務處_content_【教務處公告】106年6月3日（六）補課教室安排  【Ann_567.md,教務處_content_【教務處公告】106年6月3日（六）補課教室安排  【Ann_567.md#OCR1 files/Curriculum/board/1052-補課教室1060603公告版.xlsx
459b26d5c15ae1c0,completed_cached,1860996,0,579902,.xlsx,admin/rd/files/savedrecs_-2018-ALL-20231121-375筆.xlsx,/mnt/project/cache/ocr_completed_cache/ocr_md_assets/459b26d5c15ae1c0_savedrecs_-2018-ALL-20231121-375筆.md,1,1,研究發展處_content_論文發表_616.md,研究發展處_content_論文發表_616.md#OCR17 files/savedrecs_-2018-ALL-20231121-375筆.xlsx
7766b33db9f7137a,completed_cached,1807086,0,570093,.xlsx,admin/rd/files/savedrecs-2019-ALL-20231121-353筆.xlsx,/mnt/project/cache/ocr_completed_cache/ocr_md_assets/7766b33db9f7137a_savedrecs-2019-ALL-20231121-353筆.md,1,1,研究發展處_content_論文發表_616.md,研究發展處_content_論文發表_616.md#OCR18 files/savedrecs-2019-ALL-20231121-353筆.xlsx
fea3eb21e2106334,completed_cached,1770304,0,549766,.xlsx,admin/rd/files/savedrecs_-2015-ALL-20231121-378筆.xlsx,/mnt/project/cache/ocr_completed_cache/ocr_md_assets/fea3eb21e2106334_savedrecs_-2015-ALL-20231121-378筆.md,1,1,研究發展處_content_論文發表_616.md,研究發展處_content_論文發表_616.md#OCR13 files/savedrecs_-2015-ALL-20231121-378筆.xlsx
8525112b90318852,completed_cached,1725969,0,609562,.xlsx,admin/rd/files/研發年報/savedrecs-2013-ALL-20151202-433筆.xlsx,/mnt/project/cache/ocr_completed_cache/ocr_md_assets/8525112b90318852_savedrecs-2013-ALL-20151202-433筆.md,1,1,研究發展處_content_論文發表_616.md,研究發展處_content_論文發表_616.md#OCR11 http://www.yzu.edu.tw/admin/rd/files/%E7%A0%94%E7%99%BC%E5%B9%B4%E5%A0%B1/savedrecs-2013-ALL-20151202-433%E7%AD%86.xlsx
58778aa56d1193ad,completed_cached,1705050,0,524683,.xlsx,admin/rd/files/savedrecs_-2016-ALL-20231121-359筆.xlsx,/mnt/project/cache/ocr_completed_cache/ocr_md_assets/58778aa56d1193ad_savedrecs_-2016-ALL-20231121-359筆.md,1,1,研究發展處_content_論文發表_616.md,研究發展處_content_論文發表_616.md#OCR14 files/savedrecs_-2016-ALL-20231121-359筆.xlsx | 研究發展處_content_論文發表_616.md#OCR15 files/savedrecs_-2016-ALL-20231121-359筆.xlsx
3b8d4464ecf503cc,completed_cached,1654388,0,517121,.xlsx,admin/rd/files/savedrecs_-2017-ALL-20231121-331筆.xlsx,/mnt/project/cache/ocr_completed_cache/ocr_md_assets/3b8d4464ecf503cc_savedrecs_-2017-ALL-20231121-331筆.md,1,1,研究發展處_content_論文發表_616.md,研究發展處_content_論文發表_616.md#OCR16 files/savedrecs_-2017-ALL-20231121-331筆.xlsx
b74da2f69cfdb0fd,completed_cached,1647354,0,973049,.xlsx,admin/rd/files/研發年報/savedrecs-2014-ALL-20151202-415筆.xlsx,/mnt/project/cache/ocr_completed_cache/ocr_md_assets/b74da2f69cfdb0fd_savedrecs-2014-ALL-20151202-415筆.md,1,1,研究發展處_content_論文發表_616.md,研究發展處_content_論文發表_616.md#OCR12 http://www.yzu.edu.tw/admin/rd/files/%E7%A0%94%E7%99%BC%E5%B9%B4%E5%A0%B1/savedrecs-2014-ALL-20151202-415%E7%AD%86.xlsx
82dfcba292813b96,completed_cached,1579018,0,559727,.xlsx,admin/rd/files/研發年報/savedrecs-2012-ALL-20150604-421筆.xlsx,/mnt/project/cache/ocr_completed_cache/ocr_md_assets/82dfcba292813b96_savedrecs-2012-ALL-20150604-421筆.md,1,1,研究發展處_content_論文發表_616.md,研究發展處_content_論文發表_616.md#OCR10 http://www.yzu.edu.tw/admin/rd/files/%E7%A0%94%E7%99%BC%E5%B9%B4%E5%A0%B1/savedrecs-2012-ALL-20150604-421%E7%AD%86.xlsx
7666fe837460d848,completed_cached,1437374,0,305245,.pdf,admin/aa/files/aatsc/104/1042priority.pdf,/mnt/project/cache/ocr_completed_cache/ocr_md_assets/7666fe837460d848_1042priority.md,1,1,教務處_content_【優選名單】填完所有每次課程之課程問卷（舊生需填1032期末_38.md,教務處_content_【優選名單】填完所有每次課程之課程問卷（舊生需填1032期末_38.md#OCR1 http://www.yzu.edu.tw/admin/aa/files/aatsc/104/1042priority.pdf
41f01256e1c7488d,completed_cached,1236490,0,304582,.pdf,admin/aa/files/aatsc/103/1041priority.pdf,/mnt/project/cache/ocr_completed_cache/ocr_md_assets/41f01256e1c7488d_1041priority.md,1,1,教務處_content_【優選名單】填完所有每次課程之課程問卷（舊生需填1031期末_39.md,教務處_content_【優選名單】填完所有每次課程之課程問卷（舊生需填1031期末_39.md#OCR1 http://www.yzu.edu.tw/admin/aa/files/aatsc/103/1041priority.pdf
b196c65416fc7ac9,completed_cached,1133148,0,278215,.pdf,admin/aa/files/aatsc/103/1032priority.pdf,/mnt/project/cache/ocr_completed_cache/ocr_md_assets/b196c65416fc7ac9_1032priority.md,1,1,教務處_content_【優選名單】填完所有每次課程之課程問卷（舊生需填1022期末_34.md,教務處_content_【優選名單】填完所有每次課程之課程問卷（舊生需填1022期末_34.md#OCR1 http://www.yzu.edu.tw/admin/aa/files/aatsc/103/1032priority.pdf
1ae115fb2e4fd960,completed_cached,1030252,0,470199,.xlsx,admin/rd/files/研發年報/113/113學年度_全校論文清冊.xlsx,/mnt/project/cache/ocr_completed_cache/ocr_md_assets/1ae115fb2e4fd960_113學年度_全校論文清冊.md,1,1,研究發展處_content_論文發表_616.md,研究發展處_content_論文發表_616.md#OCR44 files/研發年報/113/113學年度_全校論文清冊.xlsx
e97472dedaf159fc,completed_cached,983420,0,220618,.pdf,admin/aa/files/aatsc/102/1031priority.pdf,/mnt/project/cache/ocr_completed_cache/ocr_md_assets/e97472dedaf159fc_1031priority.md,1,1,教務處_content_【優選名單】填完1021期末+1022期初問卷之1031學期_13.md,教務處_content_【優選名單】填完1021期末+1022期初問卷之1031學期_13.md#OCR1 http://www.yzu.edu.tw/admin/aa/files/aatsc/102/1031priority.pdf
6c9217398fa54716,completed_cached,964287,0,441208,.xlsx,admin/rd/files/112學年度_全校論文清冊.xlsx,/mnt/project/cache/ocr_completed_cache/ocr_md_assets/6c9217398fa54716_112學年度_全校論文清冊.md,1,1,研究發展處_content_論文發表_616.md,研究發展處_content_論文發表_616.md#OCR46 files/112學年度_全校論文清冊.xlsx
f72f957d50b96086,completed_cached,930384,0,323329,.pdf,admissions/files/PersonalApplication/110/元智大學110學年度大學個人申請入學招生錄取名單限時掛號條碼.pdf,/mnt/project/cache/ocr_completed_cache/ocr_md_assets/f72f957d50b96086_元智大學110學年度大學個人申請入學招生錄取名單限時掛號條碼.md,1,1,招生資訊_content_元智大學110學年度大學個人申請入學招生錄取名單_594.md,招生資訊_content_元智大學110學年度大學個人申請入學招生錄取名單_594.md#OCR2 files/PersonalApplication/110/元智大學110學年度大學個人申請入學招生錄取名單限時掛號條碼.pdf
bf8550e0fdb1e7c1,completed_cached,913939,0,269475,.xlsx,admin/rd/files/111學年度_全校論文清冊.xlsx,/mnt/project/cache/ocr_completed_cache/ocr_md_assets/bf8550e0fdb1e7c1_111學年度_全校論文清冊.md,1,1,研究發展處_content_論文發表_616.md,研究發展處_content_論文發表_616.md#OCR48 files/111學年度_全校論文清冊.xlsx
839bdf98dfd28716,completed_cached,909599,0,255487,.xlsx,admin/rd/files/研發年報/107/107學年度_全校論文清冊-1081210.xlsx,/mnt/project/cache/ocr_completed_cache/ocr_md_assets/839bdf98dfd28716_107學年度_全校論文清冊-1081210.md,1,1,研究發展處_content_論文發表_616.md,研究發展處_content_論文發表_616.md#OCR56 files/研發年報/107/107學年度_全校論文清冊-1081210.xlsx
c0240c3c99a5e4da,completed_cached,907383,0,328845,.pdf,admissions/files/PersonalApplication/109/109apply掛號條碼.pdf,/mnt/project/cache/ocr_completed_cache/ocr_md_assets/c0240c3c99a5e4da_109apply掛號條碼.md,1,1,招生資訊_content_元智大學109學年度個人申請入學錄取名單查詢（109_04__520.md,招生資訊_content_元智大學109學年度個人申請入學錄取名單查詢（109_04__520.md#OCR2 files/PersonalApplication/109/109apply掛號條碼.pdf
62568240eb67a499,completed_cached,766547,0,221662,.xlsx,admin/rd/files/研發年報/109/110學年度_全校論文清冊.xlsx,/mnt/project/cache/ocr_completed_cache/ocr_md_assets/62568240eb67a499_110學年度_全校論文清冊.md,1,1,研究發展處_content_論文發表_616.md,研究發展處_content_論文發表_616.md#OCR50 files/研發年報/109/110學年度_全校論文清冊.xlsx
9570b1a2d224519b,completed_cached,742201,0,210510,.xlsx,admin/rd/files/研發年報/108/108學年度-全校論文清冊.xlsx,/mnt/project/cache/ocr_completed_cache/ocr_md_assets/9570b1a2d224519b_108學年度-全校論文清冊.md,1,1,研究發展處_content_論文發表_616.md,研究發展處_content_論文發表_616.md#OCR54 files/研發年報/108/108學年度-全校論文清冊.xlsx
db1e6ea6642775a4,completed_cached,684498,0,833911,.pdf,admissions/files/PersonalApplication/106/106postlist.pdf,/mnt/project/cache/ocr_completed_cache/ocr_md_assets/db1e6ea6642775a4_106postlist.md,1,1,招生資訊_content_106學年度元智大學個人申請入學符合本校最低錄取標準通知與個_316.md,招生資訊_content_106學年度元智大學個人申請入學符合本校最低錄取標準通知與個_316.md#OCR1 files/PersonalApplication/106/106postlist.pdf
d95398fc93d9f567,completed_cached,648048,0,304879,.pdf,admissions/files/PersonalApplication/112/公告_112apply清冊.pdf,/mnt/project/cache/ocr_completed_cache/ocr_md_assets/d95398fc93d9f567_公告_112apply清冊.md,1,1,招生資訊_content_元智大學112學年度大學申請入學第二階段指定項目甄試錄取名單_757.md,招生資訊_content_元智大學112學年度大學申請入學第二階段指定項目甄試錄取名單_757.md#OCR2 files/PersonalApplication/112/公告_112apply清冊.pdf
87b7dc4f1ef30e7a,completed_cached,598270,0,169296,.xlsx,admin/rd/files/研發年報/103計劃清單公告初稿1040916.xlsx,/mnt/project/cache/ocr_completed_cache/ocr_md_assets/87b7dc4f1ef30e7a_103計劃清單公告初稿1040916.md,1,1,研究發展處_content_研究計畫_615.md,研究發展處_content_研究計畫_615.md#OCR13 http://www.yzu.edu.tw/admin/rd/files/%E7%A0%94%E7%99%BC%E5%B9%B4%E5%A0%B1/103%E8%A8%88%E5%8A%83%E6%B8%85%E5%96%AE%E5%85%AC%E5%91%8A%E5%88%9D%E7%A8%BF1040916.xlsx
78b94123d69ecdfe,completed_cached,564588,0,390203,.pdf,admin/aa/files/aatsc/106/1062priority.pdf,/mnt/project/cache/ocr_completed_cache/ocr_md_assets/78b94123d69ecdfe_1062priority.md,1,1,教務處_content_【1062優選名單】填完所有每次課程之課程問卷（舊生需填10_612.md,教務處_content_【1062優選名單】填完所有每次課程之課程問卷（舊生需填10_612.md#OCR1 http://www.yzu.edu.tw/admin/aa/files/aatsc/106/1062priority.pdf
9fa8d525e50d8421,completed_cached,530456,0,370613,.pdf,admin/aa/files/aatsc/107/1072priority.pdf,/mnt/project/cache/ocr_completed_cache/ocr_md_assets/9fa8d525e50d8421_1072priority.md,2,2,教務處_content_【1072優選名單】填完所有每次課程之課程問卷（舊生需填10_712.md | 教務處_content_【Priority Course Selection Sho_713.md,教務處_content_【1072優選名單】填完所有每次課程之課程問卷（舊生需填10_712.md#OCR1 http://www.yzu.edu.tw/admin/aa/files/aatsc/107/1072priority.pdf | 教務處_content_【Priority Course Selection Sho_713.md#OCR1 http://www.yzu.edu.tw/admin/aa/files/aatsc/107/1072priority.pdf
4b9cdeab024908a3,completed_cached,515895,0,388327,.pdf,admin/aa/files/aatsc/110/1102priority.pdf,/mnt/project/cache/ocr_completed_cache/ocr_md_assets/4b9cdeab024908a3_1102priority.md,1,1,教務處_content_【1102優選名單】填完所有每次課程之課程問卷（舊生需填10_1112.md,教務處_content_【1102優選名單】填完所有每次課程之課程問卷（舊生需填10_1112.md#OCR1 http://www.yzu.edu.tw/admin/aa/files/aatsc/110/1102priority.pdf
013ba2ed2a48ea9b,completed_cached,512092,0,386851,.pdf,admin/aa/files/aatsc/108/1082priority.pdf,/mnt/project/cache/ocr_completed_cache/ocr_md_assets/013ba2ed2a48ea9b_1082priority.md,2,2,教務處_content_【1082優選名單】填完所有每次課程之課程問卷（舊生需填10_839.md | 教務處_content_【Priority Course Selection Sho_841.md,教務處_content_【1082優選名單】填完所有每次課程之課程問卷（舊生需填10_839.md#OCR1 http://www.yzu.edu.tw/admin/aa/files/aatsc/108/1082priority.pdf | 教務處_content_【Priority Course Selection Sho_841.md#OCR1 http://www.yzu.edu.tw/admin/aa/files/aatsc/108/1082priority.pdf
5fe7cbb41043792e,completed_cached,507324,0,392376,.pdf,admin/aa/files/aatsc/106/1071priority.pdf,/mnt/project/cache/ocr_completed_cache/ocr_md_assets/5fe7cbb41043792e_1071priority.md,1,1,教務處_content_【1071優選名單】填完所有每次課程之課程問卷（舊生需填10_650.md,教務處_content_【1071優選名單】填完所有每次課程之課程問卷（舊生需填10_650.md#OCR1 http://www.yzu.edu.tw/admin/aa/files/aatsc/106/1071priority.pdf
bffb79b6d1da79e1,completed_cached,500707,0,382014,.pdf,admin/aa/files/aatsc/109/1092priority.pdf,/mnt/project/cache/ocr_completed_cache/ocr_md_assets/bffb79b6d1da79e1_1092priority.md,1,1,教務處_content_【1092優選名單】填完所有每次課程之課程問卷（舊生需填10_973.md,教務處_content_【1092優選名單】填完所有每次課程之課程問卷（舊生需填10_973.md#OCR1 http://www.yzu.edu.tw/admin/aa/files/aatsc/109/1092priority.pdf
55e8cec1f9e061ea,completed_cached,490454,0,1284858,.pdf,admin/aa/files/1142優選資格名單1141022.pdf,/mnt/project/cache/ocr_completed_cache/ocr_md_assets/55e8cec1f9e061ea_1142優選資格名單1141022.md,1,1,教務處_content_【公告】1142學期優選資格名單_2041.md,教務處_content_【公告】1142學期優選資格名單_2041.md#OCR1 files/1142優選資格名單1141022.pdf
88d752cc69774ff5,completed_cached,489634,0,103294,.xlsx,library/files/files/text/2020_JSTOR_Collection_List.xlsx,/mnt/project/cache/ocr_completed_cache/ocr_md_assets/88d752cc69774ff5_2020_JSTOR_Collection_List.md,1,1,圖書館_content_【迎新】新鮮人璀璨時光：中秋主題書展_1179.md,圖書館_content_【迎新】新鮮人璀璨時光：中秋主題書展_1179.md#OCR8 files/files/text/2020_JSTOR_Collection_List.xlsx
0e79516235687546,completed_cached,485489,0,331820,.pdf,admin/aa/files/aatsc/107/1081priority.pdf,/mnt/project/cache/ocr_completed_cache/ocr_md_assets/0e79516235687546_1081priority.md,2,2,教務處_content_【1081優選名單】填完所有每次課程之課程問卷（舊生需填10_782.md | 教務處_content_【Priority Course Selection Sho_783.md,教務處_content_【1081優選名單】填完所有每次課程之課程問卷（舊生需填10_782.md#OCR1 http://www.yzu.edu.tw/admin/aa/files/aatsc/107/1081priority.pdf | 教務處_content_【Priority Course Selection Sho_783.md#OCR1 http://www.yzu.edu.tw/admin/aa/files/aatsc/107/1081priority.pdf
31339abc499c7da3,completed_cached,470358,0,363950,.pdf,admin/aa/files/aatsc/111/1112priority.pdf,/mnt/project/cache/ocr_completed_cache/ocr_md_assets/31339abc499c7da3_1112priority.md,2,2,教務處_content_【1112優選名單】填完所有每次課程之課程問卷（舊生需填11_1296.md | 教務處_content_【Priority Course Selection Sho_1297.md,教務處_content_【1112優選名單】填完所有每次課程之課程問卷（舊生需填11_1296.md#OCR1 http://www.yzu.edu.tw/admin/aa/files/aatsc/111/1112priority.pdf | 教務處_content_【Priority Course Selection Sho_1297.md#OCR1 http://www.yzu.edu.tw/admin/aa/files/aatsc/111/1112priority.pdf
d82fc5ba80c79236,completed_cached,468250,0,364052,.pdf,admin/aa/files/aatsc/108/1091priority.pdf,/mnt/project/cache/ocr_completed_cache/ocr_md_assets/d82fc5ba80c79236_1091priority.md,2,2,教務處_content_【1091優選名單】填完所有每次課程之課程問卷（舊生需填10_913.md | 教務處_content_【Priority Course Selection Sho_914.md,教務處_content_【1091優選名單】填完所有每次課程之課程問卷（舊生需填10_913.md#OCR1 http://www.yzu.edu.tw/admin/aa/files/aatsc/108/1091priority.pdf | 教務處_content_【Priority Course Selection Sho_914.md#OCR1 http://www.yzu.edu.tw/admin/aa/files/aatsc/108/1091priority.pdf
9932895caa453063,completed,464057,464057,360095,.pdf,admin/aa/files/aatsc/110/1111priority.pdf,/mnt/project/output/ocr_run/ocr_md_assets/9932895caa453063_1111priority.md,2,2,教務處_content_【1111優選名單】填完所有每次課程之課程問卷（舊生需填11_1165.md | 教務處_content_【Priority Course Selection Sho_1166.md,教務處_content_【1111優選名單】填完所有每次課程之課程問卷（舊生需填11_1165.md#OCR1 http://www.yzu.edu.tw/admin/aa/files/aatsc/110/1111priority.pdf | 教務處_content_【Priority Course Selection Sho_1166.md#OCR1 http://www.yzu.edu.tw/admin/aa/files/aatsc/110/1111priority.pdf
3a3c0e5e203cd62f,completed_cached,464039,0,1288674,.pdf,admin/aa/files/1142_Semester_Priority_Course_Selection_List_20251022.pdf,/mnt/project/cache/ocr_completed_cache/ocr_md_assets/3a3c0e5e203cd62f_1142_Semester_Priority_Course_Selection_List_20251022.md,1,1,教務處_content_[Announcement] 1142 Semester P_2042.md,教務處_content_[Announcement] 1142 Semester P_2042.md#OCR1 files/1142_Semester_Priority_Course_Selection_List_20251022.pdf
3c95990fda8f3fbf,completed_cached,461775,0,1184166,.pdf,admin/aa/files/1151優選資格名單20260411.pdf,/mnt/project/cache/ocr_completed_cache/ocr_md_assets/3c95990fda8f3fbf_1151優選資格名單20260411.md,1,1,教務處_content_【公告】1151學期優選資格名單_2192.md,教務處_content_【公告】1151學期優選資格名單_2192.md#OCR1 files/1151優選資格名單20260411.pdf
d19789c5cc01cc4d,completed_cached,457331,0,1172487,.pdf,admin/aa/files/1151_Semester_Priority_Course_Selection_List_20260411.pdf,/mnt/project/cache/ocr_completed_cache/ocr_md_assets/d19789c5cc01cc4d_1151_Semester_Priority_Course_Selection_List_20260411.md,1,1,教務處_content_[Announcement] 1151 Semester P_2193.md,教務處_content_[Announcement] 1151 Semester P_2193.md#OCR1 files/1151_Semester_Priority_Course_Selection_List_20260411.pdf
95ce980409538080,completed_cached,447352,0,383517,.pdf,admin/aa/files/aatsc/113/1132priority.pdf,/mnt/project/cache/ocr_completed_cache/ocr_md_assets/95ce980409538080_1132priority.md,1,1,教務處_content_【1132優選名單_1132priority】填完所有每次課_1773.md,教務處_content_【1132優選名單_1132priority】填完所有每次課_1773.md#OCR1 http://www.yzu.edu.tw/admin/aa/files/aatsc/113/1132priority.pdf
2a32e24827b29bf1,completed_cached,434455,0,345620,.pdf,admin/aa/files/1101學期優選名單.pdf,/mnt/project/cache/ocr_completed_cache/ocr_md_assets/2a32e24827b29bf1_1101學期優選名單.md,1,1,教務處_content_1101學期選課優選名單確認公告_1060.md,教務處_content_1101學期選課優選名單確認公告_1060.md#OCR1 files/1101學期優選名單.pdf
f88d3a33661e6a2e,completed_cached,432573,0,347654,.pdf,admin/aa/files/aatsc/111/1121priority.pdf,/mnt/project/cache/ocr_completed_cache/ocr_md_assets/f88d3a33661e6a2e_1121priority.md,2,2,教務處_content_【1121優選名單】填完所有每次課程之課程問卷（舊生需填11_1411.md | 教務處_content_【Priority Course Selection Sho_1412.md,教務處_content_【1121優選名單】填完所有每次課程之課程問卷（舊生需填11_1411.md#OCR1 http://www.yzu.edu.tw/admin/aa/files/aatsc/111/1121priority.pdf | 教務處_content_【Priority Course Selection Sho_1412.md#OCR1 http://www.yzu.edu.tw/admin/aa/files/aatsc/111/1121priority.pdf
1f9bfd9b397c4368,completed_cached,418926,0,605969,.pdf,admin/aa/files/Academic Service/eldorado0417/981meeting papers of teaching quality.pdf,/mnt/project/cache/ocr_completed_cache/ocr_md_assets/1f9bfd9b397c4368_981meeting_papers_of_teaching_quality.md,1,1,教務處_content_九十八學年度教學品質委員會會議_75.md,教務處_content_九十八學年度教學品質委員會會議_75.md#OCR1 http://www.yzu.edu.tw/admin/aa/files/Academic%20Service/eldorado0417/981meeting%20papers%20of%20teaching%20quality.pdf
0a3f48e46d01dc5e,completed_cached,418344,0,365942,.pdf,admin/aa/files/aatsc/113/1141priority.pdf,/mnt/project/cache/ocr_completed_cache/ocr_md_assets/0a3f48e46d01dc5e_1141priority.md,1,1,教務處_content_【1141優選名單_1141priority】填完所有每次課_1910.md,教務處_content_【1141優選名單_1141priority】填完所有每次課_1910.md#OCR1 http://www.yzu.edu.tw/admin/aa/files/aatsc/113/1141priority.pdf
ad639574f2035cb8,completed_cached,415244,0,128994,.xlsx,library/files/files/text/生活美學-網頁連結.xlsx,/mnt/project/cache/ocr_completed_cache/ocr_md_assets/ad639574f2035cb8_生活美學-網頁連結.md,1,1,圖書館_content_美學樂閱書展_841.md,圖書館_content_美學樂閱書展_841.md#OCR2 files/files/text/生活美學-網頁連結.xlsx
cc24ca41cfdaac3b,completed_cached,411548,0,362336,.pdf,admin/aa/files/aatsc/112/1122priority.pdf,/mnt/project/cache/ocr_completed_cache/ocr_md_assets/cc24ca41cfdaac3b_1122priority.md,2,2,教務處_content_【1122優選名單】填完所有每次課程之課程問卷（舊生需填11_1512.md | 教務處_content_【Priority Course Selection Sho_1113.md,教務處_content_【1122優選名單】填完所有每次課程之課程問卷（舊生需填11_1512.md#OCR1 http://www.yzu.edu.tw/admin/aa/files/aatsc/112/1122priority.pdf | 教務處_content_【Priority Course Selection Sho_1113.md#OCR1 http://www.yzu.edu.tw/admin/aa/files/aatsc/112/1122priority.pdf
175611cb2817ca84,completed_cached,404457,0,517988,.pdf,admin/ho/files/常見問題/pay/110年度薪資所得扣繳稅額表.pdf,/mnt/project/cache/ocr_completed_cache/ocr_md_assets/175611cb2817ca84_110年度薪資所得扣繳稅額表.md,1,1,人事室_content_薪資_113.md,人事室_content_薪資_113.md#OCR10 files/常見問題/pay/110年度薪資所得扣繳稅額表.pdf
e292b37de386dbed,completed_cached,403503,0,271183,.pdf,admin/ho/files/常見問題/pay/114年度薪資所得扣繳稅額表.pdf,/mnt/project/cache/ocr_completed_cache/ocr_md_assets/e292b37de386dbed_114年度薪資所得扣繳稅額表.md,1,1,人事室_content_薪資_113.md,人事室_content_薪資_113.md#OCR13 files/常見問題/pay/114年度薪資所得扣繳稅額表.pdf
47974089c381414e,completed_cached,400762,0,354906,.pdf,admin/aa/files/aatsc/112/1131priority.pdf,/mnt/project/cache/ocr_completed_cache/ocr_md_assets/47974089c381414e_1131priority.md,1,1,教務處_content_【1131優選名單_1131priority】填完所有每次課_1633.md,教務處_content_【1131優選名單_1131priority】填完所有每次課_1633.md#OCR1 http://www.yzu.edu.tw/admin/aa/files/aatsc/112/1131priority.pdf
2b418d68cdd1ab52,completed,396074,396074,12093692,.pdf,admin/aa/files/Curriculum/meeting/114-4/114-4校課程委員會議資料.pdf,/mnt/project/output/ocr_run/ocr_md_assets/2b418d68cdd1ab52_114-4校課程委員會議資料.md,1,1,教務處_content_114-4校課程委員會議_2202.md,教務處_content_114-4校課程委員會議_2202.md#OCR14 files/Curriculum/meeting/114-4/114-4校課程委員會議資料.pdf
618e8685dc873288,completed_cached,392875,0,839855,.pdf,admin/bo/files/法規/國外差旅日支數額表20230101起適用.pdf,/mnt/project/cache/ocr_completed_cache/ocr_md_assets/618e8685dc873288_國外差旅日支數額表20230101起適用.md,1,1,會計室_content_專案計畫報支法規要點及匯率查詢 -備份_162.md,會計室_content_專案計畫報支法規要點及匯率查詢 -備份_162.md#OCR16 files/法規/國外差旅日支數額表20230101起適用.pdf
9aa49de30f1544c4,completed_cached,386211,0,950369,.docx,admin/so/files/校務資料庫/高教校庫/10403/(104.03期)大學校院校務資料庫指標手冊(word版).docx,/mnt/project/cache/ocr_completed_cache/ocr_md_assets/9aa49de30f1544c4_104.03期_大學校院校務資料庫指標手冊_word版.md,1,1,秘書室_content_教育部高教校務資料庫填報資料_64.md,秘書室_content_教育部高教校務資料庫填報資料_64.md#OCR4 http://www.yzu.edu.tw/admin/so/files/%E6%A0%A1%E5%8B%99%E8%B3%87%E6%96%99%E5%BA%AB/%E9%AB%98%E6%95%99%E6%A0%A1%E5%BA%AB/10403/(104.03%E6%9C%9F)%E5%A4%A7%E5%AD%B8%E6%A0%A1%E9%99%A2%E6%A0%A1%E5%8B%99%E8%B3%87%E6%96%99%E5%BA%AB%E6%8C%87%E6%A8%99%E6%89%8B%E5%86%8A(word%E7%89%88).docx
bdd90e0187c2c901,completed,369177,369177,4439379,.pdf,admin/aa/files/Curriculum/meeting/112-5/管理學院會議資料1_compressed.pdf,/mnt/project/output/ocr_run/ocr_md_assets/bdd90e0187c2c901_管理學院會議資料1_compressed.md,1,1,教務處_content_112-5校課程委員會議_1538.md,教務處_content_112-5校課程委員會議_1538.md#OCR16 files/Curriculum/meeting/112-5/管理學院會議資料1_compressed.pdf
a895a006a6c42bdd,completed_cached,369026,0,839874,.pdf,admin/st/files/宿服組/床位/113/退宿不合格/1122本國住宿生_退宿檢查結果_女生.pdf,/mnt/project/cache/ocr_completed_cache/ocr_md_assets/a895a006a6c42bdd_1122本國住宿生_退宿檢查結果_女生.md,1,1,學務處_content_【宿服組公告】112-2學期期末退宿檢查及住宿保證金扣款結果_4915.md,學務處_content_【宿服組公告】112-2學期期末退宿檢查及住宿保證金扣款結果_4915.md#OCR31 files/%E5%AE%BF%E6%9C%8D%E7%B5%84/%E5%BA%8A%E4%BD%8D/113/%E9%80%80%E5%AE%BF%E4%B8%8D%E5%90%88%E6%A0%BC/1122%E6%9C%AC%E5%9C%8B%E4%BD%8F%E5%AE%BF%E7%94%9F_%E9%80%80%E5%AE%BF%E6%AA%A2%E6%9F%A5%E7%B5%90%E6%9E%9C_%E5%A5%B3%E7%94%9F.pdf
c1a615525cc719f1,completed_cached,364945,0,132262,.xlsx,admin/rd/files/研發年報/105/105計劃清單1061128.xlsx,/mnt/project/cache/ocr_completed_cache/ocr_md_assets/c1a615525cc719f1_105計劃清單1061128.md,1,1,研究發展處_content_研究計畫_615.md,研究發展處_content_研究計畫_615.md#OCR11 files/研發年報/105/105計劃清單1061128.xlsx
d5148b49b4b19569,completed_cached,359144,0,913365,.docx,admin/so/files/校務資料庫/高教校庫/10303/(103.03期)大學校院校務資料庫指標手冊(word版).docx,/mnt/project/cache/ocr_completed_cache/ocr_md_assets/d5148b49b4b19569_103.03期_大學校院校務資料庫指標手冊_word版.md,1,1,秘書室_content_教育部高教校務資料庫填報資料_64.md,秘書室_content_教育部高教校務資料庫填報資料_64.md#OCR2 http://www.yzu.edu.tw/admin/so/files/%E6%A0%A1%E5%8B%99%E8%B3%87%E6%96%99%E5%BA%AB/%E9%AB%98%E6%95%99%E6%A0%A1%E5%BA%AB/10303/(103.03%E6%9C%9F)%E5%A4%A7%E5%AD%B8%E6%A0%A1%E9%99%A2%E6%A0%A1%E5%8B%99%E8%B3%87%E6%96%99%E5%BA%AB%E6%8C%87%E6%A8%99%E6%89%8B%E5%86%8A(word%E7%89%88).docx
0b12c7d60d4d0fdc,completed_cached,356962,0,902313,.docx,admin/so/files/校務資料庫/高教校庫/10310/(103.10期)大學校院校務資料庫指標手冊(word版).docx,/mnt/project/cache/ocr_completed_cache/ocr_md_assets/0b12c7d60d4d0fdc_103.10期_大學校院校務資料庫指標手冊_word版.md,1,1,秘書室_content_教育部高教校務資料庫填報資料_64.md,秘書室_content_教育部高教校務資料庫填報資料_64.md#OCR3 http://www.yzu.edu.tw/admin/so/files/%E6%A0%A1%E5%8B%99%E8%B3%87%E6%96%99%E5%BA%AB/%E9%AB%98%E6%95%99%E6%A0%A1%E5%BA%AB/10310/(103.10%E6%9C%9F)%E5%A4%A7%E5%AD%B8%E6%A0%A1%E9%99%A2%E6%A0%A1%E5%8B%99%E8%B3%87%E6%96%99%E5%BA%AB%E6%8C%87%E6%A8%99%E6%89%8B%E5%86%8A(word%E7%89%88).docx
c44d90d1b9d530af,completed_cached,344493,0,834308,.pdf,admin/st/files/宿服組/床位/113/退宿不合格/1122本國住宿生_退宿檢查結果_男生_修正510A.pdf,/mnt/project/cache/ocr_completed_cache/ocr_md_assets/c44d90d1b9d530af_1122本國住宿生_退宿檢查結果_男生_修正510A.md,1,1,學務處_content_【宿服組公告】112-2學期期末退宿檢查及住宿保證金扣款結果_4915.md,學務處_content_【宿服組公告】112-2學期期末退宿檢查及住宿保證金扣款結果_4915.md#OCR30 files/%E5%AE%BF%E6%9C%8D%E7%B5%84/%E5%BA%8A%E4%BD%8D/113/%E9%80%80%E5%AE%BF%E4%B8%8D%E5%90%88%E6%A0%BC/1122%E6%9C%AC%E5%9C%8B%E4%BD%8F%E5%AE%BF%E7%94%9F_%E9%80%80%E5%AE%BF%E6%AA%A2%E6%9F%A5%E7%B5%90%E6%9E%9C_%E7%94%B7%E7%94%9F_%E4%BF%AE%E6%AD%A3510A.pdf
a032afc18f92fe05,completed_cached,344033,0,131896,.xlsx,admin/rd/files/研發年報/104計劃清單1050908-初稿公告.xlsx,/mnt/project/cache/ocr_completed_cache/ocr_md_assets/a032afc18f92fe05_104計劃清單1050908-初稿公告.md,1,1,研究發展處_content_研究計畫_615.md,研究發展處_content_研究計畫_615.md#OCR12 files/研發年報/104計劃清單1050908-初稿公告.xlsx
5379cf2e2dd7dcd6,completed_cached,343017,0,134195,.pdf,admin/st/files/宿服組/床位/113-2學期期末退宿檢查及住宿保證金扣款/1132本國住宿生_退宿檢查結果_女生.pdf,/mnt/project/cache/ocr_completed_cache/ocr_md_assets/5379cf2e2dd7dcd6_1132本國住宿生_退宿檢查結果_女生.md,1,1,學務處_content_【宿服組公告】113-2學期期末退宿檢查及住宿保證金扣款結果_6111.md,學務處_content_【宿服組公告】113-2學期期末退宿檢查及住宿保證金扣款結果_6111.md#OCR32 files/%E5%AE%BF%E6%9C%8D%E7%B5%84/%E5%BA%8A%E4%BD%8D/113-2%E5%AD%B8%E6%9C%9F%E6%9C%9F%E6%9C%AB%E9%80%80%E5%AE%BF%E6%AA%A2%E6%9F%A5%E5%8F%8A%E4%BD%8F%E5%AE%BF%E4%BF%9D%E8%AD%89%E9%87%91%E6%89%A3%E6%AC%BE/1132%E6%9C%AC%E5%9C%8B%E4%BD%8F%E5%AE%BF%E7%94%9F_%E9%80%80%E5%AE%BF%E6%AA%A2%E6%9F%A5%E7%B5%90%E6%9E%9C_%E5%A5%B3%E7%94%9F.pdf
403e5fc7bba42feb,completed_cached,327206,0,621044,.pdf,admin/aa/files/Academic Service/eldorado0417/982meeting papers of teaching quality.pdf,/mnt/project/cache/ocr_completed_cache/ocr_md_assets/403e5fc7bba42feb_982meeting_papers_of_teaching_quality.md,1,1,教務處_content_九十八學年度教學品質委員會會議_75.md,教務處_content_九十八學年度教學品質委員會會議_75.md#OCR3 http://www.yzu.edu.tw/admin/aa/files/Academic%20Service/eldorado0417/982meeting%20papers%20of%20teaching%20quality.pdf
36d89952064e83c4,completed_cached,319563,0,361991,.pdf,admin/aa/files/aatsc/111/1112教品會議資料.pdf,/mnt/project/cache/ocr_completed_cache/ocr_md_assets/36d89952064e83c4_1112教品會議資料.md,1,1,教務處_content_一一一學年度教學品質委員會會議_1279.md,教務處_content_一一一學年度教學品質委員會會議_1279.md#OCR4 files/aatsc/111/1112教品會議資料.pdf
e9335fa532866f72,completed_cached,314810,0,938492,.pdf,admin/st/files/宿服組/床位/113/113大一新生床位分配.pdf,/mnt/project/cache/ocr_completed_cache/ocr_md_assets/e9335fa532866f72_113大一新生床位分配.md,1,1,學務處_content_【宿服組公告】113學年度大一新生床位分配暨進住注意事項（L_5025.md,學務處_content_【宿服組公告】113學年度大一新生床位分配暨進住注意事項（L_5025.md#OCR7 files/%E5%AE%BF%E6%9C%8D%E7%B5%84/%E5%BA%8A%E4%BD%8D/113/113%E5%A4%A7%E4%B8%80%E6%96%B0%E7%94%9F%E5%BA%8A%E4%BD%8D%E5%88%86%E9%85%8D.pdf
073b6729d451af04,completed_cached,314058,0,966949,.pdf,admin/aa/files/aatsc/112/1122教品會議資料.pdf,/mnt/project/cache/ocr_completed_cache/ocr_md_assets/073b6729d451af04_1122教品會議資料.md,1,1,教務處_content_一一二學年度教學品質委員會會議_1489.md,教務處_content_一一二學年度教學品質委員會會議_1489.md#OCR4 files/aatsc/112/1122教品會議資料.pdf
b80e918ab6859f88,completed_cached,310466,0,129554,.xlsx,admin/rd/files/研發年報/WOS登錄號/WOS登錄號_2025年.xlsx,/mnt/project/cache/ocr_completed_cache/ocr_md_assets/b80e918ab6859f88_WOS登錄號_2025年.md,1,1,研究發展處_content_WOS登錄號查詢_8398.md,研究發展處_content_WOS登錄號查詢_8398.md#OCR1 files/研發年報/WOS登錄號/WOS登錄號_2025年.xlsx
5efc41fdd7d2367f,completed_cached,308904,0,200553,.pdf,admissions/files/PersonalApplication/114/114apply統一分發錄取生郵寄清冊_003_公告.pdf,/mnt/project/cache/ocr_completed_cache/ocr_md_assets/5efc41fdd7d2367f_114apply統一分發錄取生郵寄清冊_003_公告.md,1,1,招生資訊_content_元智大學114學年度大學申請入學統一分發錄取名單查詢_965.md,招生資訊_content_元智大學114學年度大學申請入學統一分發錄取名單查詢_965.md#OCR2 files/PersonalApplication/114/114apply統一分發錄取生郵寄清冊_003_公告.pdf
e98e757b19117817,completed_cached,305639,0,137510,.xlsx,admin/rd/files/研發年報/106/106計劃清單-網頁公告.xlsx,/mnt/project/cache/ocr_completed_cache/ocr_md_assets/e98e757b19117817_106計劃清單-網頁公告.md,1,1,研究發展處_content_研究計畫_615.md,研究發展處_content_研究計畫_615.md#OCR10 files/研發年報/106/106計劃清單-網頁公告.xlsx
c1435f9a85a4beb4,completed_cached,304548,0,906595,.pdf,admin/aa/files/aatsc/110/1102教品會議資料.pdf,/mnt/project/cache/ocr_completed_cache/ocr_md_assets/c1435f9a85a4beb4_1102教品會議資料.md,1,1,教務處_content_一百一O學年度教學品質委員會會議_1107.md,教務處_content_一百一O學年度教學品質委員會會議_1107.md#OCR4 files/aatsc/110/1102教品會議資料.pdf
74e42648e5440ad8,completed_cached,303493,0,129701,.pdf,admin/st/files/宿服組/床位/113-2學期期末退宿檢查及住宿保證金扣款/1132本國住宿生_退宿檢查結果_男生.pdf,/mnt/project/cache/ocr_completed_cache/ocr_md_assets/74e42648e5440ad8_1132本國住宿生_退宿檢查結果_男生.md,1,1,學務處_content_【宿服組公告】113-2學期期末退宿檢查及住宿保證金扣款結果_6111.md,學務處_content_【宿服組公告】113-2學期期末退宿檢查及住宿保證金扣款結果_6111.md#OCR31 files/%E5%AE%BF%E6%9C%8D%E7%B5%84/%E5%BA%8A%E4%BD%8D/113-2%E5%AD%B8%E6%9C%9F%E6%9C%9F%E6%9C%AB%E9%80%80%E5%AE%BF%E6%AA%A2%E6%9F%A5%E5%8F%8A%E4%BD%8F%E5%AE%BF%E4%BF%9D%E8%AD%89%E9%87%91%E6%89%A3%E6%AC%BE/1132%E6%9C%AC%E5%9C%8B%E4%BD%8F%E5%AE%BF%E7%94%9F_%E9%80%80%E5%AE%BF%E6%AA%A2%E6%9F%A5%E7%B5%90%E6%9E%9C_%E7%94%B7%E7%94%9F.pdf
087b3d05b87f0e7b,completed_cached,302779,0,365972,.pdf,admin/aa/files/aatsc/109/1092教品會議資料.pdf,/mnt/project/cache/ocr_completed_cache/ocr_md_assets/087b3d05b87f0e7b_1092教品會議資料.md,1,1,教務處_content_一百零九學年度教學品質委員會會議_961.md,教務處_content_一百零九學年度教學品質委員會會議_961.md#OCR4 files/aatsc/109/1092教品會議資料.pdf
b42ab6b1f1bd5ea6,completed_cached,297038,0,470064,.pdf,admin/aa/files/Academic Service/eldorado0417/971meeting papers of teaching quality.pdf,/mnt/project/cache/ocr_completed_cache/ocr_md_assets/b42ab6b1f1bd5ea6_971meeting_papers_of_teaching_quality.md,1,1,教務處_content_九十七學年度教學品質委員會會議_229.md,教務處_content_九十七學年度教學品質委員會會議_229.md#OCR1 http://www.yzu.edu.tw/admin/aa/files/Academic%20Service/eldorado0417/971meeting%20papers%20of%20teaching%20quality.pdf
94152f145934d0cd,completed_cached,296846,0,176038,.pdf,admissions/files/PersonalApplication/109/109apply統一分發郵寄掛號條碼公告.pdf,/mnt/project/cache/ocr_completed_cache/ocr_md_assets/94152f145934d0cd_109apply統一分發郵寄掛號條碼公告.md,1,1,招生資訊_content_元智大學109學年度個人申請入學統一分發錄取名單查詢及相關注_529.md,招生資訊_content_元智大學109學年度個人申請入學統一分發錄取名單查詢及相關注_529.md#OCR2 files/PersonalApplication/109/109apply統一分發郵寄掛號條碼公告.pdf | 招生資訊_content_元智大學109學年度個人申請入學統一分發錄取名單查詢及相關注_529.md#OCR3 files/PersonalApplication/109/109apply統一分發郵寄掛號條碼公告.pdf
8f8669c87c62b68a,completed_cached,294021,0,502076,.pdf,admin/aa/files/Academic Service/eldorado0417/972meeting papers of teaching quality.pdf,/mnt/project/cache/ocr_completed_cache/ocr_md_assets/8f8669c87c62b68a_972meeting_papers_of_teaching_quality.md,1,1,教務處_content_九十七學年度教學品質委員會會議_229.md,教務處_content_九十七學年度教學品質委員會會議_229.md#OCR3 http://www.yzu.edu.tw/admin/aa/files/Academic%20Service/eldorado0417/972meeting%20papers%20of%20teaching%20quality.pdf
ec2b7625989c68d3,completed_cached,292056,0,124212,.xlsx,admin/rd/files/研發年報/102學年度計畫清單-年報版20141215.xlsx,/mnt/project/cache/ocr_completed_cache/ocr_md_assets/ec2b7625989c68d3_102學年度計畫清單-年報版20141215.md,1,1,研究發展處_content_研究計畫_615.md,研究發展處_content_研究計畫_615.md#OCR14 files/研發年報/102學年度計畫清單-年報版20141215.xlsx
83fddf5b21a8e8ad,completed_cached,290686,0,4922128,.pdf,admin/aa/files/1142教學品質委員會議資料.pdf,/mnt/project/cache/ocr_completed_cache/ocr_md_assets/83fddf5b21a8e8ad_1142教學品質委員會議資料.md,1,1,教務處_content_一一四學年度教學品質委員會會議_2022.md,教務處_content_一一四學年度教學品質委員會會議_2022.md#OCR1 files/1142教學品質委員會議資料.pdf
5883378d39281191,completed_cached,283945,0,1004125,.pdf,admin/aa/files/aatsc/111/1111教品會議資料.pdf,/mnt/project/cache/ocr_completed_cache/ocr_md_assets/5883378d39281191_1111教品會議資料.md,1,1,教務處_content_一一一學年度教學品質委員會會議_1279.md,教務處_content_一一一學年度教學品質委員會會議_1279.md#OCR1 files/aatsc/111/1111教品會議資料.pdf
91cd94c7860297d0,completed_cached,282126,0,996054,.pdf,admin/aa/files/aatsc/113/1131教品會議資料.pdf,/mnt/project/cache/ocr_completed_cache/ocr_md_assets/91cd94c7860297d0_1131教品會議資料.md,1,1,教務處_content_一一三學年度教學品質委員會會議_1736.md,教務處_content_一一三學年度教學品質委員會會議_1736.md#OCR1 files/aatsc/113/1131教品會議資料.pdf
c8bc947c6fc30d02,completed_cached,279865,0,105410,.xlsx,admin/rd/files/研發年報/108/108學年度__研究計畫清冊初稿-20201012.xlsx,/mnt/project/cache/ocr_completed_cache/ocr_md_assets/c8bc947c6fc30d02_108學年度__研究計畫清冊初稿-20201012.md,1,1,研究發展處_content_研究計畫_615.md,研究發展處_content_研究計畫_615.md#OCR8 files/研發年報/108/108學年度__研究計畫清冊初稿-20201012.xlsx
7bc376ac25621f38,completed_cached,275361,0,2012031,.pdf,admin/aa/files/1141教學品質委員會議資料.pdf,/mnt/project/cache/ocr_completed_cache/ocr_md_assets/7bc376ac25621f38_1141教學品質委員會議資料.md,1,1,教務處_content_一一四學年度教學品質委員會會議_2022.md,教務處_content_一一四學年度教學品質委員會會議_2022.md#OCR4 files/1141教學品質委員會議資料.pdf
4844bc3977d2fa60,completed_cached,270222,0,112052,.xlsx,admin/rd/files/研發年報/109/109學年度計畫清冊-1101001-公告.xlsx,/mnt/project/cache/ocr_completed_cache/ocr_md_assets/4844bc3977d2fa60_109學年度計畫清冊-1101001-公告.md,1,1,研究發展處_content_研究計畫_615.md,研究發展處_content_研究計畫_615.md#OCR7 files/研發年報/109/109學年度計畫清冊-1101001-公告.xlsx
97989d82957e56da,completed_cached,269935,0,867645,.pdf,admissions/files/PersonalApplication/113/元智大學113學年度大學申請入學統一分發錄取通知郵寄限時掛號清冊.pdf,/mnt/project/cache/ocr_completed_cache/ocr_md_assets/97989d82957e56da_元智大學113學年度大學申請入學統一分發錄取通知郵寄限時掛號清冊.md,1,1,招生資訊_content_元智大學113學年度大學申請入學統一分發錄取名單查詢_857.md,招生資訊_content_元智大學113學年度大學申請入學統一分發錄取名單查詢_857.md#OCR2 files/PersonalApplication/113/元智大學113學年度大學申請入學統一分發錄取通知郵寄限時掛號清冊.pdf
7396511b28aaca7f,completed_cached,267836,0,593432,.pdf,admin/aa/files/aatsc/113/1131教品會議學務處資料.pdf,/mnt/project/cache/ocr_completed_cache/ocr_md_assets/7396511b28aaca7f_1131教品會議學務處資料.md,1,1,教務處_content_一一三學年度教學品質委員會會議_1736.md,教務處_content_一一三學年度教學品質委員會會議_1736.md#OCR2 files/aatsc/113/1131教品會議學務處資料.pdf
261dda29e101788d,completed,264860,264860,7999477,.pdf,admin/so/files/meeting/113-2mt02/1132校務會議_資料組合_壓縮檔.pdf,/mnt/project/output/ocr_run/ocr_md_assets/261dda29e101788d_1132校務會議_資料組合_壓縮檔.md,1,1,秘書室_content_113-2 校務會議_969.md,秘書室_content_113-2 校務會議_969.md#OCR1 files/meeting/113-2mt02/1132校務會議_資料組合_壓縮檔.pdf
05f8b8536c011d84,completed_cached,264853,0,1056164,.pdf,admin/aa/files/aatsc/104/1041教品會議資料.pdf,/mnt/project/cache/ocr_completed_cache/ocr_md_assets/05f8b8536c011d84_1041教品會議資料.md,1,1,教務處_content_一百零四學年度教學品質委員會會議_554.md,教務處_content_一百零四學年度教學品質委員會會議_554.md#OCR1 files/aatsc/104/1041教品會議資料.pdf
c6506188542c445a,completed_cached,264716,0,1040658,.pdf,admin/aa/files/aatsc/110/1101教品會議資料.pdf,/mnt/project/cache/ocr_completed_cache/ocr_md_assets/c6506188542c445a_1101教品會議資料.md,1,1,教務處_content_一百一O學年度教學品質委員會會議_1107.md,教務處_content_一百一O學年度教學品質委員會會議_1107.md#OCR1 files/aatsc/110/1101教品會議資料.pdf
fff2bc76a4563999,completed_cached,264713,0,80681,.xlsx,admin/rd/files/研發年報/101計劃清單1021018-網路公告版.xlsx,/mnt/project/cache/ocr_completed_cache/ocr_md_assets/fff2bc76a4563999_101計劃清單1021018-網路公告版.md,1,1,研究發展處_content_研究計畫_615.md,研究發展處_content_研究計畫_615.md#OCR15 files/研發年報/101計劃清單1021018-網路公告版.xlsx | 研究發展處_content_研究計畫_615.md#OCR46 files/研發年報/101計劃清單1021018-網路公告版.xlsx
b5d35b6c95b071ad,completed_cached,263840,0,151811,.pdf,admissions/files/PersonalApplication/108/108個人申請統一分發掛號條碼公告版.pdf,/mnt/project/cache/ocr_completed_cache/ocr_md_assets/b5d35b6c95b071ad_108個人申請統一分發掛號條碼公告版.md,1,1,招生資訊_content_元智大學108學年度個人申請入學統一分發錄取名單查詢及相關注_457.md,招生資訊_content_元智大學108學年度個人申請入學統一分發錄取名單查詢及相關注_457.md#OCR2 files/PersonalApplication/108/108個人申請統一分發掛號條碼公告版.pdf
2f3a39d0d861be7b,completed_cached,263533,0,90669,.xlsx,admin/rd/files/研發年報/100計劃統計20121016.xlsx,/mnt/project/cache/ocr_completed_cache/ocr_md_assets/2f3a39d0d861be7b_100計劃統計20121016.md,1,1,研究發展處_content_研究計畫_615.md,研究發展處_content_研究計畫_615.md#OCR16 files/研發年報/100計劃統計20121016.xlsx
af1daad6dc693ba8,completed_cached,262820,0,1978026,.pdf,admin/aa/files/附冊一113學年度期中評量關懷訪談調查報告.pdf,/mnt/project/cache/ocr_completed_cache/ocr_md_assets/af1daad6dc693ba8_附冊一113學年度期中評量關懷訪談調查報告.md,1,1,教務處_content_一一四學年度教學品質委員會會議_2022.md,教務處_content_一一四學年度教學品質委員會會議_2022.md#OCR5 files/附冊一113學年度期中評量關懷訪談調查報告.pdf
657e3245ce95548c,completed_cached,261579,0,977598,.pdf,admin/aa/files/aatsc/111/1111教品會議學務處資料.pdf,/mnt/project/cache/ocr_completed_cache/ocr_md_assets/657e3245ce95548c_1111教品會議學務處資料.md,1,1,教務處_content_一一一學年度教學品質委員會會議_1279.md,教務處_content_一一一學年度教學品質委員會會議_1279.md#OCR2 files/aatsc/111/1111教品會議學務處資料.pdf
b72d7cf076c49b44,completed_cached,261495,0,1021001,.pdf,admin/aa/files/aatsc/110/1101教品會議學務處資料.pdf,/mnt/project/cache/ocr_completed_cache/ocr_md_assets/b72d7cf076c49b44_1101教品會議學務處資料.md,1,1,教務處_content_一百一O學年度教學品質委員會會議_1107.md,教務處_content_一百一O學年度教學品質委員會會議_1107.md#OCR2 files/aatsc/110/1101教品會議學務處資料.pdf
a98a0b226e2dc372,completed_cached,259721,0,110670,.xlsx,admin/rd/files/研發年報/107/107計劃清單-1080902.xlsx,/mnt/project/cache/ocr_completed_cache/ocr_md_assets/a98a0b226e2dc372_107計劃清單-1080902.md,1,1,研究發展處_content_研究計畫_615.md,研究發展處_content_研究計畫_615.md#OCR9 files/研發年報/107/107計劃清單-1080902.xlsx
0effcfd5e72c2424,completed_cached,256484,0,67826,.xlsx,admin/rd/files/研發年報/113/歷年ESI曾入榜文章統計-2025811.xlsx,/mnt/project/cache/ocr_completed_cache/ocr_md_assets/0effcfd5e72c2424_歷年ESI曾入榜文章統計-2025811.md,1,1,研究發展處_content_論文發表_616.md,研究發展處_content_論文發表_616.md#OCR25 files/研發年報/113/歷年ESI曾入榜文章統計-2025811.xlsx
3920bad258f87d1e,completed_cached,256027,0,164527,.pdf,admissions/files/PersonalApplication/111/111applystupost.pdf,/mnt/project/cache/ocr_completed_cache/ocr_md_assets/3920bad258f87d1e_111applystupost.md,1,1,招生資訊_content_元智大學111學年度大學申請入學統一分發錄取名單查詢及相關注_676.md,招生資訊_content_元智大學111學年度大學申請入學統一分發錄取名單查詢及相關注_676.md#OCR2 files/PersonalApplication/111/111applystupost.pdf
e8d12c9e5033c4ee,completed_cached,255658,0,803978,.pdf,admin/aa/files/aatsc/102/1021教品會議資料.pdf,/mnt/project/cache/ocr_completed_cache/ocr_md_assets/e8d12c9e5033c4ee_1021教品會議資料.md,1,1,教務處_content_一百零二學年度教學品質委員會會議_310.md,教務處_content_一百零二學年度教學品質委員會會議_310.md#OCR1 http://www.yzu.edu.tw/admin/aa/files/aatsc/102/1021%E6%95%99%E5%93%81%E6%9C%83%E8%AD%B0%E8%B3%87%E6%96%99.pdf
029ee3e2a5fbc55b,completed_cached,255060,0,947705,.pdf,admin/aa/files/aatsc/104/1042教品會議資料.pdf,/mnt/project/cache/ocr_completed_cache/ocr_md_assets/029ee3e2a5fbc55b_1042教品會議資料.md,1,1,教務處_content_一百零四學年度教學品質委員會會議_554.md,教務處_content_一百零四學年度教學品質委員會會議_554.md#OCR4 files/aatsc/104/1042教品會議資料.pdf
a5d027335901d08c,completed_cached,252167,0,961999,.pdf,admin/aa/files/aatsc/108/1081教品會議學務處資料.pdf,/mnt/project/cache/ocr_completed_cache/ocr_md_assets/a5d027335901d08c_1081教品會議學務處資料.md,1,1,教務處_content_一百零八學年度教學品質委員會會議_833.md,教務處_content_一百零八學年度教學品質委員會會議_833.md#OCR2 files/aatsc/108/1081教品會議學務處資料.pdf
8709e36d80d6f4be,completed_cached,251397,0,840607,.pdf,admin/aa/files/aatsc/113/1132教品會議資料.pdf,/mnt/project/cache/ocr_completed_cache/ocr_md_assets/8709e36d80d6f4be_1132教品會議資料.md,1,1,教務處_content_一一三學年度教學品質委員會會議_1736.md,教務處_content_一一三學年度教學品質委員會會議_1736.md#OCR4 files/aatsc/113/1132教品會議資料.pdf
ea433b1f2f8cab93,completed_cached,251317,0,305275,.pdf,admin/aa/files/aatsc/102/1022教品會議資料.pdf,/mnt/project/cache/ocr_completed_cache/ocr_md_assets/ea433b1f2f8cab93_1022教品會議資料.md,1,1,教務處_content_一百零二學年度教學品質委員會會議_310.md,教務處_content_一百零二學年度教學品質委員會會議_310.md#OCR4 http://www.yzu.edu.tw/admin/aa/files/aatsc/102/1022%E6%95%99%E5%93%81%E6%9C%83%E8%AD%B0%E8%B3%87%E6%96%99.pdf
6808dc936297305d,completed_cached,250640,0,984054,.pdf,admin/aa/files/aatsc/109/1091教品會議學務處資料.pdf,/mnt/project/cache/ocr_completed_cache/ocr_md_assets/6808dc936297305d_1091教品會議學務處資料.md,1,1,教務處_content_一百零九學年度教學品質委員會會議_961.md,教務處_content_一百零九學年度教學品質委員會會議_961.md#OCR2 files/aatsc/109/1091教品會議學務處資料.pdf
583f1844d46286e2,completed_cached,250610,0,778929,.pdf,admin/aa/files/aatsc/106/1062教品會議資料.pdf,/mnt/project/cache/ocr_completed_cache/ocr_md_assets/583f1844d46286e2_1062教品會議資料.md,1,1,教務處_content_一百零六學年度教學品質委員會會議_608.md,教務處_content_一百零六學年度教學品質委員會會議_608.md#OCR4 files/aatsc/106/1062教品會議資料.pdf
53434532b8d9290e,completed_cached,247954,0,810175,.pdf,admin/aa/files/aatsc/107/1072教品會議資料.pdf,/mnt/project/cache/ocr_completed_cache/ocr_md_assets/53434532b8d9290e_1072教品會議資料.md,1,1,教務處_content_一百零七學年度教學品質委員會會議_710.md,教務處_content_一百零七學年度教學品質委員會會議_710.md#OCR4 files/aatsc/107/1072教品會議資料.pdf
3780a62cc82cd1b8,completed_cached,247174,0,109930,.xlsx,admin/rd/files/研發年報/109/110學年度_計劃清單1110802.xls.xlsx,/mnt/project/cache/ocr_completed_cache/ocr_md_assets/3780a62cc82cd1b8_110學年度_計劃清單1110802.xls.md,1,1,研究發展處_content_研究計畫_615.md,研究發展處_content_研究計畫_615.md#OCR6 files/研發年報/109/110學年度_計劃清單1110802.xls.xlsx
b6b0e7676bbb180b,completed_cached,247079,0,107946,.xlsx,admin/rd/files/111計畫清冊1120814.xlsx,/mnt/project/cache/ocr_completed_cache/ocr_md_assets/b6b0e7676bbb180b_111計畫清冊1120814.md,1,1,研究發展處_content_研究計畫_615.md,研究發展處_content_研究計畫_615.md#OCR5 files/111計畫清冊1120814.xlsx
ac7bc83c0428c0da,completed_cached,245768,0,844661,.pdf,admin/aa/files/aatsc/107/1071教品會議資料.pdf,/mnt/project/cache/ocr_completed_cache/ocr_md_assets/ac7bc83c0428c0da_1071教品會議資料.md,1,1,教務處_content_一百零七學年度教學品質委員會會議_710.md,教務處_content_一百零七學年度教學品質委員會會議_710.md#OCR1 files/aatsc/107/1071教品會議資料.pdf
069f15db97fadae4,completed_cached,244562,0,958152,.pdf,admin/aa/files/aatsc/108/1081教品會議資料.pdf,/mnt/project/cache/ocr_completed_cache/ocr_md_assets/069f15db97fadae4_1081教品會議資料.md,1,1,教務處_content_一百零八學年度教學品質委員會會議_833.md,教務處_content_一百零八學年度教學品質委員會會議_833.md#OCR1 files/aatsc/108/1081教品會議資料.pdf
2341e5104784a5cb,completed_cached,243716,0,289237,.pdf,admin/st/files/宿服組/床位/114學年新生床位公告名單.pdf,/mnt/project/cache/ocr_completed_cache/ocr_md_assets/2341e5104784a5cb_114學年新生床位公告名單.md,1,1,學務處_content_【宿服組公告】114學年度 大一新生床位分配名單（含碩士班）_6185.md,學務處_content_【宿服組公告】114學年度 大一新生床位分配名單（含碩士班）_6185.md#OCR1 files/%E5%AE%BF%E6%9C%8D%E7%B5%84/%E5%BA%8A%E4%BD%8D/114%E5%AD%B8%E5%B9%B4%E6%96%B0%E7%94%9F%E5%BA%8A%E4%BD%8D%E5%85%AC%E5%91%8A%E5%90%8D%E5%96%AE.pdf | 學務處_content_【宿服組公告】114學年度 大一新生床位分配名單（含碩士班）_6185.md#OCR12 files/%E5%AE%BF%E6%9C%8D%E7%B5%84/%E5%BA%8A%E4%BD%8D/114%E5%AD%B8%E5%B9%B4%E6%96%B0%E7%94%9F%E5%BA%8A%E4%BD%8D%E5%85%AC%E5%91%8A%E5%90%8D%E5%96%AE.pdf
e93083b6a1b6dd8d,completed_cached,242885,0,95788,.xlsx,admin/rd/files/112計畫清冊1130820.xlsx,/mnt/project/cache/ocr_completed_cache/ocr_md_assets/e93083b6a1b6dd8d_112計畫清冊1130820.md,1,1,研究發展處_content_研究計畫_615.md,研究發展處_content_研究計畫_615.md#OCR1 files/112計畫清冊1130820.xlsx | 研究發展處_content_研究計畫_615.md#OCR3 files/112計畫清冊1130820.xlsx | 研究發展處_content_研究計畫_615.md#OCR4 files/112計畫清冊1130820.xlsx
a89e9e4c5335a36a,completed_cached,242479,0,801645,.pdf,admin/aa/files/aatsc/105/1052教品會議資料.pdf,/mnt/project/cache/ocr_completed_cache/ocr_md_assets/a89e9e4c5335a36a_1052教品會議資料.md,1,1,教務處_content_一百零五學年度教學品質委員會會議_555.md,教務處_content_一百零五學年度教學品質委員會會議_555.md#OCR4 files/aatsc/105/1052教品會議資料.pdf
bf74c978f8e836d5,completed_cached,242292,0,987328,.pdf,admin/aa/files/aatsc/107/1071教品會議學務處資料.pdf,/mnt/project/cache/ocr_completed_cache/ocr_md_assets/bf74c978f8e836d5_1071教品會議學務處資料.md,1,1,教務處_content_一百零七學年度教學品質委員會會議_710.md,教務處_content_一百零七學年度教學品質委員會會議_710.md#OCR2 files/aatsc/107/1071教品會議學務處資料.pdf
fdbc06421f9ebc87,completed,241234,241234,17004067,.pdf,admin/aa/files/Curriculum/meeting/107-1/附錄107-1校課程委員會議參考資料.pdf,/mnt/project/output/ocr_run/ocr_md_assets/fdbc06421f9ebc87_附錄107-1校課程委員會議參考資料.md,1,1,教務處_content_107-1校課程委員會議_716.md,教務處_content_107-1校課程委員會議_716.md#OCR10 files/Curriculum/meeting/107-1/附錄107-1校課程委員會議參考資料.pdf
b80ddb3c5a4dba7b,completed,236787,236787,6786917,.pdf,admin/so/files/meeting/109-2/109-2_校務會議資料_compressed.pdf,/mnt/project/output/ocr_run/ocr_md_assets/b80ddb3c5a4dba7b_109-2_校務會議資料_compressed.md,1,1,秘書室_content_109-2校務會議 資料_587.md,秘書室_content_109-2校務會議 資料_587.md#OCR1 files/meeting/109-2/109-2_校務會議資料_compressed.pdf
658686df2d4b30f9,completed,236008,236008,13322365,.pdf,admin/aa/files/Curriculum/meeting/114-4/管理學院會議資料1.pdf,/mnt/project/output/ocr_run/ocr_md_assets/658686df2d4b30f9_管理學院會議資料1.md,1,1,教務處_content_114-4校課程委員會議_2202.md,教務處_content_114-4校課程委員會議_2202.md#OCR18 files/Curriculum/meeting/114-4/管理學院會議資料1.pdf
b776e9f0d595cc6c,completed_cached,234072,0,71836,.pdf,admin/bo/files/專案計畫-1030519起/因公赴國外出差或返國述職人員綜合保險-費率表新光_1140621-1150620適用保險費率表.pdf,/mnt/project/cache/ocr_completed_cache/ocr_md_assets/b776e9f0d595cc6c_因公赴國外出差或返國述職人員綜合保險-費率表新光_1140621-1150620適用保險費率表.md,1,1,會計室_content_專案計畫報支法規要點及匯率查詢_69.md,會計室_content_專案計畫報支法規要點及匯率查詢_69.md#OCR16 files/專案計畫-1030519起/因公赴國外出差或返國述職人員綜合保險-費率表新光_1140621-1150620適用保險費率表.pdf
e711cd1d1b225fd7,completed_cached,229636,0,816058,.pdf,admin/aa/files/aatsc/106/1061教品會議資料.pdf,/mnt/project/cache/ocr_completed_cache/ocr_md_assets/e711cd1d1b225fd7_1061教品會議資料.md,1,1,教務處_content_一百零六學年度教學品質委員會會議_608.md,教務處_content_一百零六學年度教學品質委員會會議_608.md#OCR1 files/aatsc/106/1061教品會議資料.pdf
8b08aa6ba11c4c66,completed_cached,227701,0,61012,.pdf,admin/bo/files/專案計畫-1030519起/113年6月21日起至114年6月20日止費率表.pdf,/mnt/project/cache/ocr_completed_cache/ocr_md_assets/8b08aa6ba11c4c66_113年6月21日起至114年6月20日止費率表.md,2,2,會計室_content_專案計畫報支法規要點及匯率查詢 -備份_162.md | 會計室_content_專案計畫報支法規要點及匯率查詢_69.md,會計室_content_專案計畫報支法規要點及匯率查詢 -備份_162.md#OCR17 files/專案計畫-1030519起/113年6月21日起至114年6月20日止費率表.pdf | 會計室_content_專案計畫報支法規要點及匯率查詢 -備份_162.md#OCR18 files/專案計畫-1030519起/113年6月21日起至114年6月20日止費率表.pdf | 會計室_content_專案計畫報支法規要點及匯率查詢_69.md#OCR17 files/專案計畫-1030519起/113年6月21日起至114年6月20日止費率表.pdf
d86d852f4ad3a5da,completed_cached,225013,0,76597,.xlsx,admin/rd/files/111學年度_專業服務清冊.xlsx,/mnt/project/cache/ocr_completed_cache/ocr_md_assets/d86d852f4ad3a5da_111學年度_專業服務清冊.md,1,1,研究發展處_content_專業服務_620.md,研究發展處_content_專業服務_620.md#OCR3 files/111學年度_專業服務清冊.xlsx
3c9d2da59906f34b,completed_cached,223120,0,129569,.xlsx,admin/rd/files/rdso/98計畫統計與清單-981006.xlsx,/mnt/project/cache/ocr_completed_cache/ocr_md_assets/3c9d2da59906f34b_98計畫統計與清單-981006.md,1,1,研究發展處_content_研究計畫_615.md,研究發展處_content_研究計畫_615.md#OCR18 http://www.yzu.edu.tw/admin/rd/files/rdso/98%E8%A8%88%E7%95%AB%E7%B5%B1%E8%A8%88%E8%88%87%E6%B8%85%E5%96%AE-981006.xlsx
42637a3602d09265,completed_cached,222288,0,101091,.xlsx,admin/rd/files/研發年報/113/113計劃清冊.xlsx,/mnt/project/cache/ocr_completed_cache/ocr_md_assets/42637a3602d09265_113計劃清冊.md,1,1,研究發展處_content_研究計畫_615.md,研究發展處_content_研究計畫_615.md#OCR2 files/研發年報/113/113計劃清冊.xlsx
3cc6a9bcfae21d6a,completed_cached,220431,0,176019,.pdf,admissions/files/PersonalApplication/112/元智大學112學年度大學申請入學統一分發錄取通知郵寄限時掛號清冊.pdf,/mnt/project/cache/ocr_completed_cache/ocr_md_assets/3cc6a9bcfae21d6a_元智大學112學年度大學申請入學統一分發錄取通知郵寄限時掛號清冊.md,1,1,招生資訊_content_元智大學112學年度大學申請入學統一分發錄取名單查詢及相關注_760.md,招生資訊_content_元智大學112學年度大學申請入學統一分發錄取名單查詢及相關注_760.md#OCR2 files/PersonalApplication/112/元智大學112學年度大學申請入學統一分發錄取通知郵寄限時掛號清冊.pdf
9e5be1db50b21c41,completed_cached,215292,0,474495,.pdf,admissions/files/AA/exam/news/115碩士班_招生考試備取意願登記結果截止.pdf,/mnt/project/cache/ocr_completed_cache/ocr_md_assets/9e5be1db50b21c41_115碩士班_招生考試備取意願登記結果截止.md,1,1,招生資訊_content_元智大學115學年度碩士班備取生就讀意願登記情形公告_1044.md,招生資訊_content_元智大學115學年度碩士班備取生就讀意願登記情形公告_1044.md#OCR1 files/AA/exam/news/115碩士班_招生考試備取意願登記結果截止.pdf
860c86eab8ee60a1,completed_cached,210901,0,852884,.pdf,admin/aa/files/aatsc/109/1091教品會議資料.pdf,/mnt/project/cache/ocr_completed_cache/ocr_md_assets/860c86eab8ee60a1_1091教品會議資料.md,1,1,教務處_content_一百零九學年度教學品質委員會會議_961.md,教務處_content_一百零九學年度教學品質委員會會議_961.md#OCR1 files/aatsc/109/1091教品會議資料.pdf
25a867b76cd0a0d8,completed_cached,207782,0,721522,.pdf,admin/aa/files/aatsc/108/1082教品會議資料.pdf,/mnt/project/cache/ocr_completed_cache/ocr_md_assets/25a867b76cd0a0d8_1082教品會議資料.md,1,1,教務處_content_一百零八學年度教學品質委員會會議_833.md,教務處_content_一百零八學年度教學品質委員會會議_833.md#OCR4 files/aatsc/108/1082教品會議資料.pdf
f4e976d6a2f33ab7,completed_cached,204665,0,95848,.xlsx,admin/rd/files/研發年報/109/110學年度_專業服務清冊.xlsx,/mnt/project/cache/ocr_completed_cache/ocr_md_assets/f4e976d6a2f33ab7_110學年度_專業服務清冊.md,1,1,研究發展處_content_專業服務_620.md,研究發展處_content_專業服務_620.md#OCR4 files/研發年報/109/110學年度_專業服務清冊.xlsx
9d3f382ab32bdc75,completed,204642,204642,1854790,.pdf,admin/aa/files/Curriculum/meeting/114-4/提案12各學系領域專長學程新訂審議案.pdf,/mnt/project/output/ocr_run/ocr_md_assets/9d3f382ab32bdc75_提案12各學系領域專長學程新訂審議案.md,1,1,教務處_content_114-4校課程委員會議_2202.md,教務處_content_114-4校課程委員會議_2202.md#OCR13 files/Curriculum/meeting/114-4/提案12各學系領域專長學程新訂審議案.pdf
3aba704274cab9fb,completed_cached,203888,0,62162,.xlsx,admin/rd/files/研發年報/113/ESI-Report-20250313.xlsx,/mnt/project/cache/ocr_completed_cache/ocr_md_assets/3aba704274cab9fb_ESI-Report-20250313.md,1,1,研究發展處_content_論文發表_616.md,研究發展處_content_論文發表_616.md#OCR42 files/研發年報/113/ESI-Report-20250313.xlsx
c1b0fa099b861709,completed_cached,202852,0,92654,.xlsx,admin/rd/files/112學年度_專業服務清冊.xlsx,/mnt/project/cache/ocr_completed_cache/ocr_md_assets/c1b0fa099b861709_112學年度_專業服務清冊.md,1,1,研究發展處_content_專業服務_620.md,研究發展處_content_專業服務_620.md#OCR2 files/112學年度_專業服務清冊.xlsx
6824fbf2927f758e,completed_cached,201862,0,867541,.pdf,admin/aa/files/aatsc/106/1061教品會議學務處資料.pdf,/mnt/project/cache/ocr_completed_cache/ocr_md_assets/6824fbf2927f758e_1061教品會議學務處資料.md,1,1,教務處_content_一百零六學年度教學品質委員會會議_608.md,教務處_content_一百零六學年度教學品質委員會會議_608.md#OCR2 files/aatsc/106/1061教品會議學務處資料.pdf
c9c564ff4d7a077c,completed_cached,198697,0,779999,.pdf,admin/aa/files/Curriculum/meeting/107-3/107-3參考資料-通識語言中心體育室軍訓室-已壓縮.pdf,/mnt/project/cache/ocr_completed_cache/ocr_md_assets/c9c564ff4d7a077c_107-3參考資料-通識語言中心體育室軍訓室-已壓縮.md,1,1,教務處_content_107-3校課程委員會議_788.md,教務處_content_107-3校課程委員會議_788.md#OCR14 files/Curriculum/meeting/107-3/107-3參考資料-通識語言中心體育室軍訓室-已壓縮.pdf
4e22f56a81509617,completed_cached,196638,0,768009,.pdf,admin/st/files/ExtracurricularActivities/社團負責人會議資料/元智大學101學年度第一次社團負責人會議會議資料.pdf,/mnt/project/cache/ocr_completed_cache/ocr_md_assets/4e22f56a81509617_元智大學101學年度第一次社團負責人會議會議資料.md,1,1,學務處_content_會議記錄_559.md,學務處_content_會議記錄_559.md#OCR10 http://www.yzu.edu.tw/admin/st/files/ExtracurricularActivities/%E7%A4%BE%E5%9C%98%E8%B2%A0%E8%B2%AC%E4%BA%BA%E6%9C%83%E8%AD%B0%E8%B3%87%E6%96%99/%E5%85%83%E6%99%BA%E5%A4%A7%E5%AD%B8101%E5%AD%B8%E5%B9%B4%E5%BA%A6%E7%AC%AC%E4%B8%80%E6%AC%A1%E7%A4%BE%E5%9C%98%E8%B2%A0%E8%B2%AC%E4%BA%BA%E6%9C%83%E8%AD%B0%E6%9C%83%E8%AD%B0%E8%B3%87%E6%96%99.pdf
e8f7f372d0d6a14b,completed_cached,195090,0,910058,.pdf,admin/st/files/StudentHousingService/104學年新生英語營及開學後的床位.pdf,/mnt/project/cache/ocr_completed_cache/ocr_md_assets/e8f7f372d0d6a14b_104學年新生英語營及開學後的床位.md,1,1,學務處_content_104學年大一新生英語營及開學後住宿名單_360.md,學務處_content_104學年大一新生英語營及開學後住宿名單_360.md#OCR1 http://www.yzu.edu.tw/admin/st/files/StudentHousingService/104%E5%AD%B8%E5%B9%B4%E6%96%B0%E7%94%9F%E8%8B%B1%E8%AA%9E%E7%87%9F%E5%8F%8A%E9%96%8B%E5%AD%B8%E5%BE%8C%E7%9A%84%E5%BA%8A%E4%BD%8D.pdf
2c96cb95a7082e62,completed_cached,193652,0,952560,.pdf,admin/aa/files/aatsc/105/1051教品會議學務處資料.pdf,/mnt/project/cache/ocr_completed_cache/ocr_md_assets/2c96cb95a7082e62_1051教品會議學務處資料.md,1,1,教務處_content_一百零五學年度教學品質委員會會議_555.md,教務處_content_一百零五學年度教學品質委員會會議_555.md#OCR2 files/aatsc/105/1051教品會議學務處資料.pdf
8ce6cead79f52d45,completed,184241,184241,10387413,.pdf,admin/so/files/meeting/108-2mt01/108-2_校務資料_全併new5.pdf,/mnt/project/output/ocr_run/ocr_md_assets/8ce6cead79f52d45_108-2_校務資料_全併new5.md,1,1,秘書室_content_108-2 校務會議  議程_513.md,秘書室_content_108-2 校務會議  議程_513.md#OCR20 files/meeting/108-2mt01/108-2_校務資料_全併new5.pdf
070b7f6455566d10,completed_cached,181983,0,923915,.pdf,admin/so/files/meeting/113-1mt01/d1-1.附冊113-116_學年度校務發展行動方案修正草案完整版_cp.pdf,/mnt/project/cache/ocr_completed_cache/ocr_md_assets/070b7f6455566d10_d1-1.附冊113-116_學年度校務發展行動方案修正草案完整版_cp.md,1,1,秘書室_content_113-1校務會議 _927.md,秘書室_content_113-1校務會議 _927.md#OCR2 files/meeting/113-1mt01/d1-1.附冊113-116_學年度校務發展行動方案修正草案完整版_cp.pdf
351e8cf027ba9dc8,completed_cached,178779,0,1024539,.pdf,admin/aa/files/Curriculum/meeting/113-2/報告案1學程主辦單位提報上一學年度學程修習結業人數及實施狀況.pdf,/mnt/project/cache/ocr_completed_cache/ocr_md_assets/351e8cf027ba9dc8_報告案1學程主辦單位提報上一學年度學程修習結業人數及實施狀況.md,1,1,教務處_content_113-2校課程委員會議_1777.md,教務處_content_113-2校課程委員會議_1777.md#OCR1 files/Curriculum/meeting/113-2/報告案1學程主辦單位提報上一學年度學程修習結業人數及實施狀況.pdf
517d03925918d4a9,completed_cached,171753,0,502967,.pdf,admin/rd/files/學生/100y-MOE/論文全文/李國安＿論文全文.pdf,/mnt/project/cache/ocr_completed_cache/ocr_md_assets/517d03925918d4a9_李國安_論文全文.md,1,1,研究發展處_content_100年度_612.md,研究發展處_content_100年度_612.md#OCR13 http://www.yzu.edu.tw/admin/rd/files/%E5%AD%B8%E7%94%9F/100y-MOE/%E8%AB%96%E6%96%87%E5%85%A8%E6%96%87/%E6%9D%8E%E5%9C%8B%E5%AE%89%EF%BC%BF%E8%AB%96%E6%96%87%E5%85%A8%E6%96%87.pdf
d89811730cf9c659,completed,171020,171020,6160360,.pdf,admin/aa/files/Curriculum/meeting/114-4/管理學院會議資料2.pdf,/mnt/project/output/ocr_run/ocr_md_assets/d89811730cf9c659_管理學院會議資料2.md,1,1,教務處_content_114-4校課程委員會議_2202.md,教務處_content_114-4校課程委員會議_2202.md#OCR19 files/Curriculum/meeting/114-4/管理學院會議資料2.pdf
b08171449b4d241b,completed,169061,169061,12772596,.pdf,admin/aa/files/Curriculum/meeting/114-4/人社學院會議資料全_compressed.pdf,/mnt/project/output/ocr_run/ocr_md_assets/b08171449b4d241b_人社學院會議資料全_compressed.md,1,1,教務處_content_114-4校課程委員會議_2202.md,教務處_content_114-4校課程委員會議_2202.md#OCR20 files/Curriculum/meeting/114-4/人社學院會議資料全_compressed.pdf
d00e528acc2d4b44,completed_cached,168202,0,462952,.pdf,admin/st/files/宿服組/床位/113/113住宿_女舊生.pdf,/mnt/project/cache/ocr_completed_cache/ocr_md_assets/d00e528acc2d4b44_113住宿_女舊生.md,2,2,學務處_content_【Student Housing Service Secti_4876.md | 學務處_content_【宿服組公告】113學年度床位分配結果暨113-1學期進住相_4875.md,學務處_content_【宿服組公告】113學年度床位分配結果暨113-1學期進住相_4875.md#OCR4 files/%E5%AE%BF%E6%9C%8D%E7%B5%84/%E5%BA%8A%E4%BD%8D/113/113%E4%BD%8F%E5%AE%BF_%E5%A5%B3%E8%88%8A%E7%94%9F.pdf | 學務處_content_【Student Housing Service Secti_4876.md#OCR4 files/%E5%AE%BF%E6%9C%8D%E7%B5%84/%E5%BA%8A%E4%BD%8D/113/113%E4%BD%8F%E5%AE%BF_%E5%A5%B3%E8%88%8A%E7%94%9F.pdf
8f5ad38cf6dc84b8,completed_cached,167426,0,447344,.pdf,admissions/files/AA/exam/news/114碩士班_招生考試備取意願登記結果截止.pdf,/mnt/project/cache/ocr_completed_cache/ocr_md_assets/8f5ad38cf6dc84b8_114碩士班_招生考試備取意願登記結果截止.md,2,2,招生資訊_content_114學年度碩士班備取生就讀意願登記情形公告_938.md | 招生資訊_content_114學年度碩士班備取生就讀意願登記情形公告_939.md,招生資訊_content_114學年度碩士班備取生就讀意願登記情形公告_938.md#OCR1 files/AA/exam/news/114碩士班_招生考試備取意願登記結果截止.pdf | 招生資訊_content_114學年度碩士班備取生就讀意願登記情形公告_939.md#OCR1 files/AA/exam/news/114碩士班_招生考試備取意願登記結果截止.pdf
ee2b0612f18ec271,completed_cached,165901,0,720011,.pdf,admin/aa/files/aatsc/104/1041教品會議學務處資料.pdf,/mnt/project/cache/ocr_completed_cache/ocr_md_assets/ee2b0612f18ec271_1041教品會議學務處資料.md,1,1,教務處_content_一百零四學年度教學品質委員會會議_554.md,教務處_content_一百零四學年度教學品質委員會會議_554.md#OCR2 files/aatsc/104/1041教品會議學務處資料.pdf
cb3419c233f0fd65,completed,165501,165501,8067220,.pdf,admin/so/files/meeting/111-1mt01/111-1_校務會議組合.pdf,/mnt/project/output/ocr_run/ocr_md_assets/cb3419c233f0fd65_111-1_校務會議組合.md,1,1,秘書室_content_111-1 校務會議 資料_742.md,秘書室_content_111-1 校務會議 資料_742.md#OCR1 files/meeting/111-1mt01/111-1_校務會議組合.pdf
ecd8c47407a53c9c,completed_cached,164725,0,78519,.xlsx,admin/rd/files/研發年報/107/107學年度_專業服務清冊-1081210.xlsx,/mnt/project/cache/ocr_completed_cache/ocr_md_assets/ecd8c47407a53c9c_107學年度_專業服務清冊-1081210.md,1,1,研究發展處_content_專業服務_620.md,研究發展處_content_專業服務_620.md#OCR7 files/研發年報/107/107學年度_專業服務清冊-1081210.xlsx
976c23141ee10f4a,completed,164477,164477,7905456,.pdf,admin/aa/files/Curriculum/meeting/113-5/管理學院會議資料1.pdf,/mnt/project/output/ocr_run/ocr_md_assets/976c23141ee10f4a_管理學院會議資料1.md,1,1,教務處_content_113-5 校課程委員會議 _1952.md,教務處_content_113-5 校課程委員會議 _1952.md#OCR15 files/Curriculum/meeting/113-5/管理學院會議資料1.pdf
c8a5d0ddbd92dd7c,completed_cached,164153,0,381473,.pdf,admin/aa/files/aatsc/102/1021學務處資料.pdf,/mnt/project/cache/ocr_completed_cache/ocr_md_assets/c8a5d0ddbd92dd7c_1021學務處資料.md,1,1,教務處_content_一百零二學年度教學品質委員會會議_310.md,教務處_content_一百零二學年度教學品質委員會會議_310.md#OCR2 http://www.yzu.edu.tw/admin/aa/files/aatsc/102/1021%E5%AD%B8%E5%8B%99%E8%99%95%E8%B3%87%E6%96%99.pdf
037d3dbb5e59a69a,completed_cached,162899,0,508759,.pdf,admin/st/files/宿服組/床位/大學部_本國女生_112.pdf,/mnt/project/cache/ocr_completed_cache/ocr_md_assets/037d3dbb5e59a69a_大學部_本國女生_112.md,1,1,學務處_content_【宿服組公告】112學年度床位分配結果暨112-1學期進住相_3747.md,學務處_content_【宿服組公告】112學年度床位分配結果暨112-1學期進住相_3747.md#OCR4 files/%E5%AE%BF%E6%9C%8D%E7%B5%84/%E5%BA%8A%E4%BD%8D/%E5%A4%A7%E5%AD%B8%E9%83%A8_%E6%9C%AC%E5%9C%8B%E5%A5%B3%E7%94%9F_112.pdf
4f199be5ab65acc4,completed_cached,160019,0,623706,.pdf,admin/aa/files/aatsc/112/1122教品會議學務處資料.pdf,/mnt/project/cache/ocr_completed_cache/ocr_md_assets/4f199be5ab65acc4_1122教品會議學務處資料.md,1,1,教務處_content_一一二學年度教學品質委員會會議_1489.md,教務處_content_一一二學年度教學品質委員會會議_1489.md#OCR5 files/aatsc/112/1122教品會議學務處資料.pdf
04415efd1d85380b,completed_cached,159310,0,1186577,.pdf,admin/aa/files/附冊114-1期中評量關懷訪談報告.pdf,/mnt/project/cache/ocr_completed_cache/ocr_md_assets/04415efd1d85380b_附冊114-1期中評量關懷訪談報告.md,1,1,教務處_content_一一四學年度教學品質委員會會議_2022.md,教務處_content_一一四學年度教學品質委員會會議_2022.md#OCR2 files/附冊114-1期中評量關懷訪談報告.pdf
9214fb7af004618b,completed,158704,158704,10038687,.pdf,admin/so/files/meeting/111-2mt02/111-2_校務會議資料R2.pdf,/mnt/project/output/ocr_run/ocr_md_assets/9214fb7af004618b_111-2_校務會議資料R2.md,1,1,秘書室_content_111-2 校務會議資料 _799.md,秘書室_content_111-2 校務會議資料 _799.md#OCR1 files/meeting/111-2mt02/111-2_校務會議資料R2.pdf
9bf666175804c5ba,completed_cached,156469,0,492913,.pdf,admin/aa/files/有庠獎助學金/1021有庠獎助學金名單-公告版.pdf,/mnt/project/cache/ocr_completed_cache/ocr_md_assets/9bf666175804c5ba_1021有庠獎助學金名單-公告版.md,1,1,教務處_content_有庠獎助學金_331.md,教務處_content_有庠獎助學金_331.md#OCR17 http://www.yzu.edu.tw/admin/aa/files/%E6%9C%89%E5%BA%A0%E7%8D%8E%E5%8A%A9%E5%AD%B8%E9%87%91/1021%E6%9C%89%E5%BA%A0%E7%8D%8E%E5%8A%A9%E5%AD%B8%E9%87%91%E5%90%8D%E5%96%AE-%E5%85%AC%E5%91%8A%E7%89%88.pdf
1855a509b0170a28,completed,156361,156361,3513682,.pdf,admin/aa/files/Curriculum/meeting/114-4/提案11各學院學分學程新訂修訂審議案.pdf,/mnt/project/output/ocr_run/ocr_md_assets/1855a509b0170a28_提案11各學院學分學程新訂修訂審議案.md,1,1,教務處_content_114-4校課程委員會議_2202.md,教務處_content_114-4校課程委員會議_2202.md#OCR12 files/Curriculum/meeting/114-4/提案11各學院學分學程新訂修訂審議案.pdf
d89f3cc69791e39a,completed,155847,155847,10248219,.pdf,admin/so/files/meeting/112-2mt02/000.112-2校務會議資料_all.pdf,/mnt/project/output/ocr_run/ocr_md_assets/d89f3cc69791e39a_000.112-2校務會議資料_all.md,1,1,秘書室_content_112-2 校務會議_895.md,秘書室_content_112-2 校務會議_895.md#OCR1 files/meeting/112-2mt02/000.112-2校務會議資料_all.pdf
dde688c570bde879,completed,155009,155009,7108082,.pdf,admin/aa/files/Curriculum/meeting/107-3/107-3參考資料-管理學院-已壓縮.pdf,/mnt/project/output/ocr_run/ocr_md_assets/dde688c570bde879_107-3參考資料-管理學院-已壓縮.md,1,1,教務處_content_107-3校課程委員會議_788.md,教務處_content_107-3校課程委員會議_788.md#OCR12 files/Curriculum/meeting/107-3/107-3參考資料-管理學院-已壓縮.pdf
78c67f2d01d8bf28,completed_cached,154969,0,617207,.pdf,admin/aa/files/aatsc/113/1132教品會議學務處資料.pdf,/mnt/project/cache/ocr_completed_cache/ocr_md_assets/78c67f2d01d8bf28_1132教品會議學務處資料.md,1,1,教務處_content_一一三學年度教學品質委員會會議_1736.md,教務處_content_一一三學年度教學品質委員會會議_1736.md#OCR5 files/aatsc/113/1132教品會議學務處資料.pdf
19d9522225e27105,completed,151318,151318,12993041,.pdf,admin/aa/files/Curriculum/meeting/114-1/管理學院會議資料2.pdf,/mnt/project/output/ocr_run/ocr_md_assets/19d9522225e27105_管理學院會議資料2.md,1,1,教務處_content_114-1校課程委員會議_2047.md,教務處_content_114-1校課程委員會議_2047.md#OCR22 files/Curriculum/meeting/114-1/管理學院會議資料2.pdf
5f8b94b373725c11,completed,151197,151197,8096804,.pdf,admin/so/files/meeting/110-2mt02/110-2_校務會議組合_1_compressed.pdf,/mnt/project/output/ocr_run/ocr_md_assets/5f8b94b373725c11_110-2_校務會議組合_1_compressed.md,1,1,秘書室_content_110-2 校務會議 資料 _697.md,秘書室_content_110-2 校務會議 資料 _697.md#OCR1 files/meeting/110-2mt02/110-2_校務會議組合_1_compressed.pdf
d336e31c1ef04486,completed_cached,151029,0,55719,.xlsx,admin/rd/files/110-112學年度補助計畫.xlsx,/mnt/project/cache/ocr_completed_cache/ocr_md_assets/d336e31c1ef04486_110-112學年度補助計畫.md,1,1,研究發展處_content_永續研究計畫經費_6987.md,研究發展處_content_永續研究計畫經費_6987.md#OCR2 files/110-112學年度補助計畫.xlsx
0b93ada722a6c9ea,completed,148585,148585,9135479,.pdf,admin/so/files/meeting/113-1mt01/113-1校務會議組合_已壓縮.pdf,/mnt/project/output/ocr_run/ocr_md_assets/0b93ada722a6c9ea_113-1校務會議組合_已壓縮.md,1,1,秘書室_content_113-1校務會議 _927.md,秘書室_content_113-1校務會議 _927.md#OCR1 files/meeting/113-1mt01/113-1校務會議組合_已壓縮.pdf
3b31c497dc1dfbd8,completed,148017,148017,14805881,.pdf,admin/aa/files/Curriculum/meeting/114-4/資訊學院會議資料.pdf,/mnt/project/output/ocr_run/ocr_md_assets/3b31c497dc1dfbd8_資訊學院會議資料.md,1,1,教務處_content_114-4校課程委員會議_2202.md,教務處_content_114-4校課程委員會議_2202.md#OCR17 files/Curriculum/meeting/114-4/資訊學院會議資料.pdf
1d65e5cac506e26f,completed,143597,143597,7111048,.pdf,admin/aa/files/Curriculum/meeting/112-8/管理學院會議資料1.pdf,/mnt/project/output/ocr_run/ocr_md_assets/1d65e5cac506e26f_管理學院會議資料1.md,1,1,教務處_content_112-8校課程委員會議_1672.md,教務處_content_112-8校課程委員會議_1672.md#OCR19 files/Curriculum/meeting/112-8/管理學院會議資料1.pdf
0c7fac707f963ab3,completed_cached,141741,0,1096334,.pdf,admin/aa/files/Enrollment_specialization/元智大學108年大學招生專業化發展試辦計畫個人申請入學管道招生作業辦理規畫書.pdf,/mnt/project/cache/ocr_completed_cache/ocr_md_assets/0c7fac707f963ab3_元智大學108年大學招生專業化發展試辦計畫個人申請入學管道招生作業辦理規畫書.md,1,1,教務處_content_108年【大學招生專業化發展試辦計畫】個人申請入學管道招生作_882.md,教務處_content_108年【大學招生專業化發展試辦計畫】個人申請入學管道招生作_882.md#OCR1 files/Enrollment_specialization/元智大學108年大學招生專業化發展試辦計畫個人申請入學管道招生作業辦理規畫書.pdf
75283927590e2905,completed,141736,141736,8420548,.pdf,admin/so/files/meeting/112-1mt01/112-1_校務電子組合_1.pdf,/mnt/project/output/ocr_run/ocr_md_assets/75283927590e2905_112-1_校務電子組合_1.md,1,1,秘書室_content_112-1校務會議資料 _837.md,秘書室_content_112-1校務會議資料 _837.md#OCR1 files/meeting/112-1mt01/112-1_校務電子組合_1.pdf
525b3376ced607b0,completed,140820,140820,5608681,.pdf,admin/so/files/meeting/108-7/108-7_會議資料組合.pdf,/mnt/project/output/ocr_run/ocr_md_assets/525b3376ced607b0_108-7_會議資料組合.md,1,1,秘書室_content_108-7 行政會議  _471.md,秘書室_content_108-7 行政會議  _471.md#OCR1 files/meeting/108-7/108-7_會議資料組合.pdf
8c8f028d000115e2,completed_cached,140731,0,410304,.pdf,admin/st/files/宿服組/床位/大一新生床位_男生a.pdf,/mnt/project/cache/ocr_completed_cache/ocr_md_assets/8c8f028d000115e2_大一新生床位_男生a.md,1,1,學務處_content_【宿服組公告】112學年度大一新生床位分配暨進住注意事項  _3979.md,學務處_content_【宿服組公告】112學年度大一新生床位分配暨進住注意事項  _3979.md#OCR1 files/%E5%AE%BF%E6%9C%8D%E7%B5%84/%E5%BA%8A%E4%BD%8D/%E5%A4%A7%E4%B8%80%E6%96%B0%E7%94%9F%E5%BA%8A%E4%BD%8D_%E7%94%B7%E7%94%9Fa.pdf
a74138eec988ea2c,completed_cached,140605,0,68301,.xlsx,admin/rd/files/研發年報/108/108學年度_專業服務清冊.xlsx,/mnt/project/cache/ocr_completed_cache/ocr_md_assets/a74138eec988ea2c_108學年度_專業服務清冊.md,1,1,研究發展處_content_專業服務_620.md,研究發展處_content_專業服務_620.md#OCR6 files/研發年報/108/108學年度_專業服務清冊.xlsx
e72b9ae7d0b55493,completed_cached,140139,0,68576,.xlsx,library/files/files/text/運動書展-網頁連結.xlsx,/mnt/project/cache/ocr_completed_cache/ocr_md_assets/e72b9ae7d0b55493_運動書展-網頁連結.md,1,1,圖書館_content_借書！電子飛鏢機等你來挑戰_798.md,圖書館_content_借書！電子飛鏢機等你來挑戰_798.md#OCR2 files/files/text/運動書展-網頁連結.xlsx
556c20a0c76779a2,completed_cached,138153,0,95385,.xlsx,admin/st/files/課外組表單下載/遊覽車評鑑結果.xlsx,/mnt/project/cache/ocr_completed_cache/ocr_md_assets/556c20a0c76779a2_遊覽車評鑑結果.md,1,1,學務處_content_表單下載_859.md,學務處_content_表單下載_859.md#OCR92 files/%E8%AA%B2%E5%A4%96%E7%B5%84%E8%A1%A8%E5%96%AE%E4%B8%8B%E8%BC%89/%E9%81%8A%E8%A6%BD%E8%BB%8A%E8%A9%95%E9%91%91%E7%B5%90%E6%9E%9C.xlsx
bb13f3fe1f0ef6f7,completed,136657,136657,8334038,.pdf,admin/so/files/meeting/110-1mt01/110-1校務會議組合2.pdf,/mnt/project/output/ocr_run/ocr_md_assets/bb13f3fe1f0ef6f7_110-1校務會議組合2.md,1,1,秘書室_content_110-1 校務會議 資料_621.md,秘書室_content_110-1 校務會議 資料_621.md#OCR1 files/meeting/110-1mt01/110-1校務會議組合2.pdf
cb72bec8b9de85f2,completed_cached,136183,0,52728,.xlsx,admin/rd/files/研發年報/112/ESI-Report-20240315.xlsx,/mnt/project/cache/ocr_completed_cache/ocr_md_assets/cb72bec8b9de85f2_ESI-Report-20240315.md,1,1,研究發展處_content_論文發表_616.md,研究發展處_content_論文發表_616.md#OCR41 files/研發年報/112/ESI-Report-20240315.xlsx
356a9473b1f244e4,completed,136062,136062,9231037,.pdf,admin/aa/files/Curriculum/meeting/114-4/電通學院會議資料-已壓縮.pdf,/mnt/project/output/ocr_run/ocr_md_assets/356a9473b1f244e4_電通學院會議資料-已壓縮.md,1,1,教務處_content_114-4校課程委員會議_2202.md,教務處_content_114-4校課程委員會議_2202.md#OCR16 files/Curriculum/meeting/114-4/電通學院會議資料-已壓縮.pdf
f83c7f7c96e89b12,completed_cached,134851,0,128880,.pdf,admissions/files/PersonalApplication/114/114apply正備取郵寄清冊_公告_0528.pdf,/mnt/project/cache/ocr_completed_cache/ocr_md_assets/f83c7f7c96e89b12_114apply正備取郵寄清冊_公告_0528.md,1,1,招生資訊_content_元智大學114學年度大學申請入學第二階段指定項目甄試錄取名單_963.md,招生資訊_content_元智大學114學年度大學申請入學第二階段指定項目甄試錄取名單_963.md#OCR3 files/PersonalApplication/114/114apply正備取郵寄清冊_公告_0528.pdf
2120787c17ad48f5,completed_cached,134638,0,355954,.pdf,admin/aa/files/aatsc/111/1112教品會議學務處資料.pdf,/mnt/project/cache/ocr_completed_cache/ocr_md_assets/2120787c17ad48f5_1112教品會議學務處資料.md,1,1,教務處_content_一一一學年度教學品質委員會會議_1279.md,教務處_content_一一一學年度教學品質委員會會議_1279.md#OCR5 files/aatsc/111/1112教品會議學務處資料.pdf
ccfb1c4d07342a17,completed_cached,134214,0,402990,.pdf,admissions/files/AA/exam/news/113碩士班_招生考試備取意願登記結果截止.pdf,/mnt/project/cache/ocr_completed_cache/ocr_md_assets/ccfb1c4d07342a17_113碩士班_招生考試備取意願登記結果截止.md,1,1,招生資訊_content_113學年度碩士班備取生就讀意願登記情形公告_837.md,招生資訊_content_113學年度碩士班備取生就讀意願登記情形公告_837.md#OCR1 files/AA/exam/news/113碩士班_招生考試備取意願登記結果截止.pdf
97d9b0197c7f595e,completed_cached,133560,0,913733,.pdf,admin/so/files/meeting/108-2mt01/d3-2_109-110校發行動方案規劃草案_10.pdf,/mnt/project/cache/ocr_completed_cache/ocr_md_assets/97d9b0197c7f595e_d3-2_109-110校發行動方案規劃草案_10.md,1,1,秘書室_content_108-2 校務會議  議程_513.md,秘書室_content_108-2 校務會議  議程_513.md#OCR10 files/meeting/108-2mt01/d3-2_109-110校發行動方案規劃草案_10.pdf
8394b447b6e55f4c,completed,129803,129803,6966621,.pdf,admin/so/files/meeting/109-1sm/109-1_校務會議組合_1.pdf,/mnt/project/output/ocr_run/ocr_md_assets/8394b447b6e55f4c_109-1_校務會議組合_1.md,1,1,秘書室_content_109-1 校務會議 資料_555.md,秘書室_content_109-1 校務會議 資料_555.md#OCR1 files/meeting/109-1sm/109-1_校務會議組合_1.pdf
461d17132614c875,completed_cached,129773,0,3107123,.pdf,admin/aa/files/112-1教務會議資料.pdf,/mnt/project/cache/ocr_completed_cache/ocr_md_assets/461d17132614c875_112-1教務會議資料.md,1,1,教務處_content_112學年度教務會議_1491.md,教務處_content_112學年度教務會議_1491.md#OCR1 files/112-1教務會議資料.pdf
7be7bc2af778660d,completed,129661,129661,9188891,.pdf,admin/aa/files/Curriculum/meeting/107-2/附錄107-2校課程委員會議參考資料.pdf,/mnt/project/output/ocr_run/ocr_md_assets/7be7bc2af778660d_附錄107-2校課程委員會議參考資料.md,1,1,教務處_content_107-2校課程委員會議_750.md,教務處_content_107-2校課程委員會議_750.md#OCR12 files/Curriculum/meeting/107-2/附錄107-2校課程委員會議參考資料.pdf
222b97f02ea9e658,completed_cached,128854,0,607175,.pdf,admin/aa/files/aatsc/110/1102教品會議學務處資料.pdf,/mnt/project/cache/ocr_completed_cache/ocr_md_assets/222b97f02ea9e658_1102教品會議學務處資料.md,1,1,教務處_content_一百一O學年度教學品質委員會會議_1107.md,教務處_content_一百一O學年度教學品質委員會會議_1107.md#OCR5 files/aatsc/110/1102教品會議學務處資料.pdf
ae677481d72a5046,completed_cached,128759,0,349460,.pdf,admin/aa/files/aatsc/109/1092教品會議學務處資料.pdf,/mnt/project/cache/ocr_completed_cache/ocr_md_assets/ae677481d72a5046_1092教品會議學務處資料.md,1,1,教務處_content_一百零九學年度教學品質委員會會議_961.md,教務處_content_一百零九學年度教學品質委員會會議_961.md#OCR5 files/aatsc/109/1092教品會議學務處資料.pdf
04e03fe134bf50ed,completed,128499,128499,9543331,.pdf,admin/so/files/meeting/107-16/0.107-16_行政會議組合.pdf,/mnt/project/output/ocr_run/ocr_md_assets/04e03fe134bf50ed_0.107-16_行政會議組合.md,1,1,秘書室_content_107- 16行政會議_397.md,秘書室_content_107- 16行政會議_397.md#OCR1 files/meeting/107-16/0.107-16_行政會議組合.pdf
75441fd81deb2dca,completed_cached,127976,0,241172,.pdf,admin/bo/files/專案計畫-1030519起/因公赴國外出差或返國述職人員綜合保險1120621-1130620適用保險費率表.pdf,/mnt/project/cache/ocr_completed_cache/ocr_md_assets/75441fd81deb2dca_因公赴國外出差或返國述職人員綜合保險1120621-1130620適用保險費率表.md,1,1,會計室_content_專案計畫報支法規要點及匯率查詢 -備份_162.md,會計室_content_專案計畫報支法規要點及匯率查詢 -備份_162.md#OCR19 files/專案計畫-1030519起/因公赴國外出差或返國述職人員綜合保險1120621-1130620適用保險費率表.pdf | 會計室_content_專案計畫報支法規要點及匯率查詢 -備份_162.md#OCR20 files/專案計畫-1030519起/因公赴國外出差或返國述職人員綜合保險1120621-1130620適用保險費率表.pdf
a4b429059eaa0f6c,completed_cached,127936,0,314914,.pdf,admin/aa/files/aatsc/108/1082教品會議學務處資料.pdf,/mnt/project/cache/ocr_completed_cache/ocr_md_assets/a4b429059eaa0f6c_1082教品會議學務處資料.md,1,1,教務處_content_一百零八學年度教學品質委員會會議_833.md,教務處_content_一百零八學年度教學品質委員會會議_833.md#OCR5 files/aatsc/108/1082教品會議學務處資料.pdf
9bdbe3807a3f7da9,completed,127463,127463,12587375,.pdf,admin/aa/files/Curriculum/meeting/111-6/管理學院會議資料3.pdf,/mnt/project/output/ocr_run/ocr_md_assets/9bdbe3807a3f7da9_管理學院會議資料3.md,1,1,教務處_content_111-6校課程委員會議_1433.md,教務處_content_111-6校課程委員會議_1433.md#OCR18 files/Curriculum/meeting/111-6/管理學院會議資料3.pdf
323919f40d0f3b0b,completed_cached,127132,0,898240,.pdf,admin/rd/files/DIGI_Talent海外實習計畫說明.pdf,/mnt/project/cache/ocr_completed_cache/ocr_md_assets/323919f40d0f3b0b_DIGI_Talent海外實習計畫說明.md,1,1,研究發展處_content_「DIGI+ Talent跨域數位人才加速躍升計畫」之「臺灣_5429.md,研究發展處_content_「DIGI+ Talent跨域數位人才加速躍升計畫」之「臺灣_5429.md#OCR1 files/DIGI_Talent海外實習計畫說明.pdf | 研究發展處_content_「DIGI+ Talent跨域數位人才加速躍升計畫」之「臺灣_5429.md#OCR6 files/DIGI_Talent海外實習計畫說明.pdf
6dfda0281264f18e,completed_cached,126100,0,285967,.pdf,admin/bo/files/專案計畫-1030519起/中央政府各機關派赴國外各地區出差人員生活費日支數額表世界各地-1150101起適用.pdf,/mnt/project/cache/ocr_completed_cache/ocr_md_assets/6dfda0281264f18e_中央政府各機關派赴國外各地區出差人員生活費日支數額表世界各地-1150101起適用.md,1,1,會計室_content_專案計畫報支法規要點及匯率查詢_69.md,會計室_content_專案計畫報支法規要點及匯率查詢_69.md#OCR14 files/專案計畫-1030519起/中央政府各機關派赴國外各地區出差人員生活費日支數額表世界各地-1150101起適用.pdf
a4b12fec5fade49c,completed_cached,124865,0,564743,.pdf,admin/aa/files/aatsc/107/1072教品會議學務處資料.pdf,/mnt/project/cache/ocr_completed_cache/ocr_md_assets/a4b12fec5fade49c_1072教品會議學務處資料.md,1,1,教務處_content_一百零七學年度教學品質委員會會議_710.md,教務處_content_一百零七學年度教學品質委員會會議_710.md#OCR5 files/aatsc/107/1072教品會議學務處資料.pdf
22464abf22fd711a,completed_cached,124863,0,205574,.pdf,admin/bo/files/專案計畫-1030519起/中央政府各機關派赴國外各地區出差人員生活費日支數額表-1140101起適用.pdf,/mnt/project/cache/ocr_completed_cache/ocr_md_assets/22464abf22fd711a_中央政府各機關派赴國外各地區出差人員生活費日支數額表-1140101起適用.md,1,1,會計室_content_專案計畫報支法規要點及匯率查詢_69.md,會計室_content_專案計畫報支法規要點及匯率查詢_69.md#OCR15 files/專案計畫-1030519起/中央政府各機關派赴國外各地區出差人員生活費日支數額表-1140101起適用.pdf
e8b955909eab9ff0,completed,124641,124641,9694070,.pdf,admin/so/files/meeting/107-2sm/107-2校務會議_new.pdf,/mnt/project/output/ocr_run/ocr_md_assets/e8b955909eab9ff0_107-2校務會議_new.md,1,1,秘書室_content_107-2 校務會議 議程_405.md,秘書室_content_107-2 校務會議 議程_405.md#OCR1 files/meeting/107-2sm/107-2校務會議_new.pdf
0d2aed94fbe9eea6,completed_cached,123856,0,1079507,.pdf,admin/rd/files/20240409141609376430303I_11300282413_ATTACH1.pdf,/mnt/project/cache/ocr_completed_cache/ocr_md_assets/0d2aed94fbe9eea6_20240409141609376430303I_11300282413_ATTACH1.md,1,1,研究發展處_content_桃園市政府衛生局整合性預防及延緩失能計畫－失智友善社區_6420.md,研究發展處_content_桃園市政府衛生局整合性預防及延緩失能計畫－失智友善社區_6420.md#OCR1 files/20240409141609376430303I_11300282413_ATTACH1.pdf
1d6dc549fe9df330,completed_cached,123768,0,403133,.pdf,admin/st/files/宿服組/床位/大學部_本國男生_112_N.pdf,/mnt/project/cache/ocr_completed_cache/ocr_md_assets/1d6dc549fe9df330_大學部_本國男生_112_N.md,1,1,學務處_content_【宿服組公告】112學年度床位分配結果暨112-1學期進住相_3747.md,學務處_content_【宿服組公告】112學年度床位分配結果暨112-1學期進住相_3747.md#OCR3 files/%E5%AE%BF%E6%9C%8D%E7%B5%84/%E5%BA%8A%E4%BD%8D/%E5%A4%A7%E5%AD%B8%E9%83%A8_%E6%9C%AC%E5%9C%8B%E7%94%B7%E7%94%9F_112_N.pdf
eeadf258f3f2fd3a,completed_cached,122996,0,683650,.pdf,admin/st/files/ExtracurricularActivities/社團負責人會議資料/元智大學102學年度第三次社團負責人會議會議資料.pdf,/mnt/project/cache/ocr_completed_cache/ocr_md_assets/eeadf258f3f2fd3a_元智大學102學年度第三次社團負責人會議會議資料.md,1,1,學務處_content_會議記錄_559.md,學務處_content_會議記錄_559.md#OCR18 http://www.yzu.edu.tw/admin/st/files/ExtracurricularActivities/%E7%A4%BE%E5%9C%98%E8%B2%A0%E8%B2%AC%E4%BA%BA%E6%9C%83%E8%AD%B0%E8%B3%87%E6%96%99/%E5%85%83%E6%99%BA%E5%A4%A7%E5%AD%B8102%E5%AD%B8%E5%B9%B4%E5%BA%A6%E7%AC%AC%E4%B8%89%E6%AC%A1%E7%A4%BE%E5%9C%98%E8%B2%A0%E8%B2%AC%E4%BA%BA%E6%9C%83%E8%AD%B0%E6%9C%83%E8%AD%B0%E8%B3%87%E6%96%99.pdf
929e49afcafed804,completed_cached,121364,0,582471,.pdf,admin/aa/files/aatsc/106/1062教品會議學務處資料.pdf,/mnt/project/cache/ocr_completed_cache/ocr_md_assets/929e49afcafed804_1062教品會議學務處資料.md,1,1,教務處_content_一百零六學年度教學品質委員會會議_608.md,教務處_content_一百零六學年度教學品質委員會會議_608.md#OCR5 files/aatsc/106/1062教品會議學務處資料.pdf
6313ea0171a97be3,completed_cached,120752,0,193010,.pdf,admin/bo/files/專案計畫-1030519起/中央政府各機關派赴國外各地區出差人員生活費日支數額表-1130101起適用.pdf,/mnt/project/cache/ocr_completed_cache/ocr_md_assets/6313ea0171a97be3_中央政府各機關派赴國外各地區出差人員生活費日支數額表-1130101起適用.md,1,1,會計室_content_專案計畫報支法規要點及匯率查詢 -備份_162.md,會計室_content_專案計畫報支法規要點及匯率查詢 -備份_162.md#OCR15 files/專案計畫-1030519起/中央政府各機關派赴國外各地區出差人員生活費日支數額表-1130101起適用.pdf
